final_player_id,total_library_games,total_played_games,total_playtime_minutes,categorized_games,categorized_played_games,category_game_coverage,category_playtime_coverage,avg_playtime_per_played_game_minutes,games_combat,played_games_combat,games_exploration,played_games_exploration,games_strategic_reasoning,played_games_strategic_reasoning,games_shooter,played_games_shooter,games_melee,played_games_melee,games_action_other,played_games_action_other,games_open_world,played_games_open_world,games_narrative_exploration,played_games_narrative_exploration,games_investigation,played_games_investigation,games_logic_puzzle,played_games_logic_puzzle,games_planning_management,played_games_planning_management,games_strategy_decision,played_games_strategy_decision,games_observation_deduction,played_games_observation_deduction,exploration_subgroup_target
general_final_0013,10,8,7531,8,6,0.8,0.964414,941.375,1,1,4,3,3,2,1,1,0,0,0,0,1,1,3,2,0,0,2,2,0,0,1,0,0,0,narrative_exploration
general_final_0014,245,156,144417,202,128,0.82449,0.913154,925.75,52,26,75,51,75,51,37,17,4,4,9,4,10,4,33,22,30,24,31,23,3,3,29,21,9,2,narrative_exploration
general_final_0021,35,19,5715,26,13,0.742857,0.764129,300.789474,10,9,13,4,3,0,8,8,1,0,0,0,3,2,8,2,2,0,1,0,1,0,1,0,0,0,open_world
general_final_0025,1,1,7932,1,1,1.0,1.0,7932.0,0,0,1,1,0,0,0,0,0,0,0,0,1,1,0,0,0,0,0,0,0,0,0,0,0,0,open_world
general_final_0032,7,6,45821,7,6,1.0,1.0,7636.833333,3,3,3,2,1,1,2,2,0,0,0,0,1,0,1,1,1,1,0,0,0,0,1,1,0,0,investigation
general_final_0036,263,185,382830,210,151,0.798479,0.931366,2069.351351,91,78,97,65,22,8,64,56,7,6,15,11,35,30,38,20,19,12,11,5,3,2,8,1,0,0,open_world
general_final_0041,146,67,49276,115,49,0.787671,0.71199,735.462687,44,13,51,25,20,11,24,4,6,3,9,3,8,4,18,11,25,10,6,4,3,2,11,5,0,0,investigation
general_final_0046,246,186,378864,204,154,0.829268,0.810172,2036.903226,111,84,80,59,13,11,78,55,17,14,11,11,30,24,28,18,15,12,4,4,3,1,6,6,0,0,open_world
general_final_0060,3,3,2280,2,2,0.666667,0.987281,760.0,1,1,1,1,0,0,0,0,0,0,1,1,1,1,0,0,0,0,0,0,0,0,0,0,0,0,open_world
general_final_0080,109,95,56252,89,78,0.816514,0.915061,592.126316,34,33,44,36,11,9,20,19,4,4,5,5,10,9,25,19,6,5,4,3,2,2,4,3,0,0,open_world
general_final_0089,79,53,42585,63,43,0.797468,0.820007,803.490566,14,10,49,33,0,0,7,5,5,3,2,2,9,8,32,20,7,5,0,0,0,0,0,0,0,0,narrative_exploration
general_final_0097,228,182,226032,135,109,0.592105,0.882194,1241.934066,39,26,57,48,39,35,8,4,10,9,21,13,18,15,26,21,12,12,20,17,7,7,11,10,0,0,investigation
general_final_0106,51,11,4881,40,7,0.784314,0.90002,443.727273,10,4,23,3,7,0,7,4,2,0,1,0,6,1,13,2,4,0,2,0,1,0,4,0,0,0,narrative_exploration
general_final_0109,44,42,25872,26,24,0.590909,0.878053,616.0,14,13,9,8,3,3,11,10,0,0,0,0,2,2,4,3,3,3,0,0,3,3,0,0,0,0,investigation
general_final_0110,1210,769,405201,1039,664,0.858678,0.854435,526.919376,356,251,444,278,239,135,151,107,78,55,121,85,87,56,209,132,143,87,111,75,37,17,87,41,0,0,narrative_exploration
general_final_0112,112,81,186793,89,65,0.794643,0.883711,2306.08642,33,24,48,38,8,3,21,12,7,7,4,4,12,9,21,17,15,12,1,0,3,3,4,0,0,0,open_world
general_final_0118,237,212,310689,184,167,0.776371,0.736904,1465.514151,82,75,82,76,20,16,52,46,10,10,10,9,34,32,14,10,23,23,6,4,6,6,5,4,0,0,open_world
general_final_0122,44,38,56512,36,32,0.818182,0.869072,1487.157895,13,10,21,20,2,2,8,6,1,1,3,3,7,7,7,6,3,3,2,2,0,0,0,0,0,0,open_world
general_final_0126,253,54,43630,218,48,0.86166,0.949072,807.962963,97,31,100,17,21,0,62,19,11,3,19,7,25,6,55,8,19,3,8,0,1,0,12,0,0,0,investigation
general_final_0144,203,86,42048,171,72,0.842365,0.878995,488.930233,72,32,71,31,28,9,54,30,3,1,10,1,21,14,31,11,18,6,12,3,4,3,11,2,0,0,open_world
general_final_0187,62,53,85574,49,41,0.790323,0.959836,1614.603774,22,18,19,15,8,8,13,11,1,1,6,4,9,8,4,2,6,5,2,2,3,3,3,3,0,0,open_world
general_final_0198,96,79,199018,76,61,0.791667,0.799174,2519.21519,38,31,29,22,9,8,26,19,5,5,4,4,15,11,8,5,6,6,3,2,2,2,4,4,0,0,open_world
general_final_0200,723,489,718137,581,387,0.803596,0.910525,1468.582822,190,134,251,176,140,77,110,79,27,18,49,35,86,68,95,58,63,46,39,23,25,17,72,33,0,0,open_world
general_final_0203,28,12,19369,24,10,0.857143,0.998193,1614.083333,9,5,14,4,1,1,5,2,1,1,3,2,6,1,5,2,3,1,0,0,0,0,1,1,0,0,open_world
general_final_0205,118,86,178751,89,64,0.754237,0.818569,2078.5,28,19,50,36,11,9,17,11,4,3,6,5,14,9,18,14,18,13,8,6,0,0,2,2,0,0,open_world
general_final_0211,55,46,51150,36,29,0.654545,0.894839,1111.956522,11,9,13,10,12,10,9,7,0,0,1,1,6,6,4,2,3,2,2,2,2,2,4,2,1,1,open_world
general_final_0213,68,59,106026,56,50,0.823529,0.954926,1797.050847,19,16,33,30,4,4,13,10,4,4,2,2,5,5,20,17,6,6,2,2,0,0,1,1,0,0,investigation
general_final_0219,79,64,239380,67,55,0.848101,0.934777,3740.3125,24,20,33,30,10,5,21,18,1,1,1,1,19,18,9,8,4,4,3,2,1,0,5,2,0,0,open_world
general_final_0220,162,70,283147,129,53,0.796296,0.912862,4044.957143,46,11,52,26,31,16,42,9,1,1,2,1,24,12,16,5,11,9,1,0,3,0,27,16,0,0,open_world
general_final_0228,128,127,77940,89,88,0.695312,0.924698,613.700787,45,45,25,24,19,19,26,26,5,5,4,4,13,12,3,3,5,5,3,3,8,8,4,4,1,1,open_world
general_final_0234,110,97,158336,89,77,0.809091,0.881474,1632.329897,27,26,32,31,30,20,17,16,1,1,6,6,9,9,7,7,16,15,7,6,5,4,14,10,4,0,open_world
general_final_0235,156,110,228587,116,79,0.74359,0.773106,2078.063636,27,16,58,34,31,29,15,9,5,4,3,1,28,14,14,9,15,10,8,7,15,15,5,5,0,0,open_world
general_final_0245,212,168,239998,169,135,0.79717,0.834819,1428.559524,53,46,103,77,13,12,31,27,9,7,11,10,24,18,54,38,20,16,2,1,5,5,4,4,0,0,narrative_exploration
general_final_0249,114,70,74544,87,50,0.763158,0.790218,1064.914286,28,17,44,27,15,6,16,10,6,4,6,3,24,16,12,6,8,5,5,2,3,2,7,2,0,0,open_world
general_final_0263,43,32,8342,33,25,0.767442,0.947495,260.6875,20,15,9,8,4,2,18,14,0,0,1,0,5,5,2,1,2,2,1,0,1,0,2,2,0,0,investigation
general_final_0264,11,11,4636,9,9,0.818182,0.880285,421.454545,3,3,6,6,0,0,2,2,0,0,0,0,3,3,2,2,1,1,0,0,0,0,0,0,0,0,open_world
general_final_0265,65,42,75222,59,36,0.907692,0.882893,1791.0,37,17,21,18,1,1,31,13,1,1,5,3,4,3,8,7,8,7,0,0,1,1,0,0,0,0,investigation
general_final_0271,31,19,21071,28,17,0.903226,0.865692,1109.0,8,4,13,6,7,7,1,0,4,1,3,3,5,3,3,1,4,2,1,1,2,2,3,3,0,0,open_world
general_final_0276,505,239,291729,358,151,0.708911,0.834473,1220.623431,128,45,150,84,80,22,78,34,7,1,38,8,62,49,49,13,35,20,39,7,14,8,26,7,0,0,open_world
general_final_0288,379,250,772096,297,201,0.783641,0.868654,3088.384,44,23,126,89,127,89,16,5,10,8,17,10,46,36,56,37,23,16,64,51,16,13,41,21,0,0,open_world
general_final_0299,332,140,119385,267,106,0.804217,0.784722,852.75,78,28,115,54,74,24,30,10,9,6,30,7,30,17,43,14,33,16,26,5,15,10,29,8,0,0,open_world
general_final_0313,273,116,178100,213,89,0.78022,0.861847,1535.344828,61,27,113,53,39,9,38,20,9,2,8,1,54,26,34,15,23,10,15,3,12,4,12,2,0,0,open_world
general_final_0316,35,31,9916,30,26,0.857143,0.858108,319.870968,3,3,21,18,6,5,1,1,0,0,2,2,3,3,14,12,4,3,3,2,0,0,2,2,0,0,narrative_exploration
general_final_0318,222,210,244625,182,172,0.81982,0.904008,1164.880952,54,51,98,91,30,30,26,23,13,13,12,12,20,19,51,48,27,24,8,8,6,6,13,13,0,0,open_world
general_final_0328,576,243,181101,455,195,0.789931,0.892888,745.271605,170,81,237,101,48,13,98,47,42,23,23,8,61,24,123,59,49,17,12,1,9,2,26,10,0,0,narrative_exploration
general_final_0330,54,52,143221,37,35,0.685185,0.929766,2754.25,16,14,10,10,11,11,14,12,0,0,1,1,3,3,2,2,5,5,7,7,4,4,0,0,0,0,investigation
general_final_0331,39,26,12867,26,19,0.666667,0.799798,494.884615,9,7,12,8,5,4,3,3,3,2,3,2,5,4,4,3,2,1,2,1,1,1,2,2,0,0,open_world
general_final_0332,8,8,32503,4,4,0.5,0.934345,4062.875,0,0,3,3,1,1,0,0,0,0,0,0,2,2,0,0,0,0,1,1,0,0,0,0,0,0,open_world
general_final_0335,8,8,8416,7,7,0.875,0.982652,1052.0,3,3,4,4,0,0,3,3,0,0,0,0,3,3,0,0,1,1,0,0,0,0,0,0,0,0,open_world
general_final_0340,50,32,36813,40,27,0.8,0.990927,1150.40625,18,9,18,15,4,3,16,8,0,0,0,0,7,5,6,5,5,5,0,0,1,1,3,2,0,0,investigation
general_final_0344,46,26,23102,38,21,0.826087,0.946628,888.538462,12,5,24,16,2,0,5,4,1,0,4,0,8,3,10,7,2,2,0,0,0,0,2,0,0,0,narrative_exploration
general_final_0373,83,66,65675,65,50,0.783133,0.866997,995.075758,19,14,35,27,11,9,13,9,0,0,3,2,10,10,17,11,7,5,2,1,2,2,7,6,0,0,open_world
general_final_0379,171,142,171750,145,121,0.847953,0.875988,1209.507042,49,36,68,63,28,22,31,19,7,6,11,11,8,7,47,44,12,11,14,14,1,1,12,6,0,0,narrative_exploration
general_final_0388,42,38,62483,33,30,0.785714,0.813613,1644.289474,5,4,25,23,3,3,1,1,1,1,2,2,6,6,13,12,4,3,1,1,1,1,1,1,0,0,narrative_exploration
general_final_0398,14,11,5487,11,9,0.785714,0.858939,498.818182,1,1,9,7,1,1,1,1,0,0,0,0,3,3,5,3,1,1,0,0,1,1,0,0,0,0,narrative_exploration
general_final_0401,7,5,1261,7,5,1.0,1.0,252.2,3,2,4,3,0,0,2,2,1,0,0,0,2,2,1,1,1,0,0,0,0,0,0,0,0,0,open_world
general_final_0410,510,362,377304,413,288,0.809804,0.849766,1042.276243,122,78,219,158,72,52,83,49,12,9,22,16,72,59,91,59,50,36,32,23,23,18,14,8,1,1,open_world
general_final_0425,1079,623,295383,898,530,0.832252,0.880338,474.130016,281,158,400,247,217,125,140,74,50,35,81,43,78,52,212,132,107,63,72,44,47,29,91,49,1,0,narrative_exploration
general_final_0429,84,75,44194,67,58,0.797619,0.81364,589.253333,21,18,28,24,18,16,14,13,2,2,5,3,6,4,13,13,8,7,7,7,3,3,7,5,0,0,narrative_exploration
general_final_0445,1542,352,369253,1281,237,0.830739,0.709606,1049.014205,317,40,573,111,391,86,121,11,75,7,114,22,111,13,243,36,209,59,159,61,90,13,132,6,0,0,investigation
general_final_0447,155,88,751890,118,65,0.76129,0.705958,8544.204545,21,9,59,38,38,18,7,3,9,6,4,0,16,11,20,10,12,6,10,2,6,3,20,11,0,0,open_world
general_final_0454,202,167,217829,169,142,0.836634,0.913083,1304.365269,62,48,70,64,37,30,30,19,11,11,19,16,21,20,24,22,24,21,8,5,15,13,13,11,0,0,open_world
general_final_0456,7,5,23922,5,4,0.714286,0.958783,4784.4,0,0,2,2,3,2,0,0,0,0,0,0,1,1,0,0,1,1,1,0,2,2,0,0,0,0,open_world
general_final_0461,188,158,148870,131,104,0.696809,0.862961,942.21519,55,38,60,52,16,14,46,31,2,1,5,4,22,20,25,21,12,11,5,5,6,6,5,3,0,0,open_world
general_final_0477,11,6,1275,8,5,0.727273,0.973333,212.5,2,1,5,4,1,0,2,1,0,0,0,0,3,3,2,1,0,0,1,0,0,0,0,0,0,0,open_world
general_final_0479,166,154,327851,136,128,0.819277,0.838491,2128.902597,25,24,66,61,45,43,11,10,7,7,6,6,12,12,28,26,23,21,30,29,2,2,13,12,0,0,open_world
general_final_0481,92,69,264592,74,55,0.804348,0.900194,3834.666667,24,19,31,24,19,12,10,7,2,2,12,10,8,5,13,12,9,6,7,6,4,2,7,3,0,0,open_world
general_final_0490,10,6,17334,8,4,0.8,0.999308,2889.0,0,0,5,2,3,2,0,0,0,0,0,0,3,2,2,0,0,0,2,1,0,0,1,1,0,0,open_world
general_final_0495,12,12,9164,10,10,0.833333,0.928306,763.666667,0,0,5,5,5,5,0,0,0,0,0,0,2,2,2,2,1,1,4,4,1,1,0,0,0,0,narrative_exploration
general_final_0508,83,72,354840,69,59,0.831325,0.971849,4928.333333,30,24,24,22,15,13,19,15,4,3,5,5,5,5,5,5,13,11,5,5,2,2,6,4,0,0,open_world
general_final_0540,192,167,311776,141,123,0.734375,0.825737,1866.922156,41,40,71,56,29,27,15,15,4,4,17,16,16,15,25,17,21,17,8,7,6,6,11,10,0,0,open_world
general_final_0544,59,53,25056,52,46,0.881356,0.942648,472.754717,4,2,34,31,14,13,2,2,1,0,1,0,7,6,18,16,7,7,13,12,1,1,0,0,0,0,open_world
general_final_0547,54,22,10185,46,19,0.851852,0.870103,462.954545,7,4,28,11,11,4,2,1,3,1,2,2,1,1,17,5,9,5,6,2,0,0,5,2,0,0,investigation
general_final_0548,155,59,127696,126,51,0.812903,0.814795,2164.338983,40,16,68,28,18,7,34,12,1,1,3,1,7,3,40,21,19,4,10,4,5,2,3,1,0,0,narrative_exploration
general_final_0559,57,57,202827,46,46,0.807018,0.877324,3558.368421,11,11,16,16,19,19,2,2,1,1,7,7,9,9,2,2,5,5,8,8,4,4,5,5,0,0,open_world
general_final_0569,109,86,100663,90,72,0.825688,0.847104,1170.5,22,15,55,45,13,12,17,10,4,4,1,1,3,2,37,30,14,12,8,8,3,2,2,2,0,0,narrative_exploration
general_final_0575,41,34,15136,32,27,0.780488,0.762289,445.176471,9,8,16,13,7,6,5,5,1,0,2,2,6,5,4,3,5,4,4,3,2,2,1,1,0,0,investigation
general_final_0581,124,74,207054,100,57,0.806452,0.820535,2798.027027,33,15,48,27,19,15,12,3,10,5,9,5,8,6,25,11,10,6,10,8,2,1,6,5,0,0,narrative_exploration
general_final_0585,12,12,48549,10,10,0.833333,0.9676,4045.75,0,0,8,8,2,2,0,0,0,0,0,0,0,0,4,4,4,4,1,1,0,0,1,1,0,0,narrative_exploration
general_final_0589,30,22,19930,23,15,0.766667,0.892173,905.909091,4,3,14,8,5,4,2,2,0,0,1,0,4,1,3,1,6,5,0,0,3,2,2,2,0,0,investigation
general_final_0597,167,154,245967,120,109,0.718563,0.727159,1597.188312,42,37,33,29,45,43,28,24,4,4,9,8,12,10,7,6,13,12,7,7,21,20,11,11,1,1,narrative_exploration
general_final_0602,222,210,213193,167,156,0.752252,0.871539,1015.204762,71,64,60,58,36,34,40,33,7,7,15,15,29,28,11,11,19,19,16,14,14,14,5,5,0,0,open_world
general_final_0605,530,257,127209,430,208,0.811321,0.848525,494.976654,140,70,187,93,103,45,85,45,20,8,33,17,28,9,95,47,60,33,58,27,5,3,39,14,0,0,narrative_exploration
general_final_0606,82,73,247104,64,56,0.780488,0.780214,3384.986301,28,23,31,28,5,5,12,8,7,7,9,8,5,5,16,13,10,10,2,2,0,0,3,3,0,0,narrative_exploration
general_final_0612,767,278,759500,587,211,0.765319,0.88581,2732.014388,153,55,326,120,108,36,109,44,21,6,21,5,57,20,190,69,70,29,74,25,7,1,26,9,0,0,investigation
general_final_0613,117,49,60557,88,28,0.752137,0.771009,1235.857143,38,7,29,13,21,8,24,2,2,1,11,4,9,6,13,5,7,2,7,1,5,2,7,3,0,0,narrative_exploration
general_final_0617,162,130,78348,140,111,0.864198,0.877687,602.676923,32,28,69,55,39,28,21,18,4,4,7,6,24,22,13,7,29,24,15,9,10,8,13,10,0,0,investigation
general_final_0627,48,35,25861,38,27,0.791667,0.958045,738.885714,28,20,8,6,2,1,24,18,2,0,1,1,4,4,1,0,3,2,1,0,1,1,0,0,0,0,investigation
general_final_0637,412,356,1078846,321,278,0.779126,0.791756,3030.466292,136,116,148,132,37,30,113,98,8,7,12,10,54,48,58,50,32,30,16,16,6,6,14,8,0,0,investigation
general_final_0638,204,172,157293,151,124,0.740196,0.88056,914.494186,44,39,67,51,40,34,16,11,11,11,17,17,16,11,24,17,18,15,9,8,4,2,21,19,0,0,investigation
general_final_0664,94,40,210425,77,32,0.819149,0.892441,5260.625,26,7,41,20,10,5,12,2,4,2,9,2,10,6,17,4,13,9,1,0,1,0,7,4,0,0,open_world
general_final_0668,58,54,115676,48,44,0.827586,0.872981,2142.148148,2,2,27,24,19,18,1,1,0,0,1,1,18,16,4,3,5,5,4,4,7,6,6,6,0,0,open_world
general_final_0677,102,89,83010,85,77,0.833333,0.787785,932.696629,18,16,45,40,22,21,6,6,3,3,7,5,4,4,27,23,11,10,11,11,3,3,7,6,0,0,narrative_exploration
general_final_0680,135,113,33525,110,92,0.814815,0.849605,296.681416,7,4,67,59,36,29,3,2,2,0,1,1,5,4,36,32,23,20,25,21,3,2,7,5,0,0,narrative_exploration
general_final_0692,194,115,720231,142,81,0.731959,0.974521,6262.878261,30,8,80,52,32,21,20,7,1,0,9,1,13,9,43,26,19,13,16,10,5,5,9,5,0,0,narrative_exploration
general_final_0695,572,232,327215,480,188,0.839161,0.85618,1410.409483,105,35,256,114,119,39,32,10,42,15,29,9,28,8,143,57,79,45,55,29,19,4,42,6,0,0,investigation
general_final_0699,296,127,212450,242,99,0.817568,0.78105,1672.834646,59,12,116,63,67,24,47,9,8,2,4,1,21,7,56,35,38,21,41,16,4,4,22,4,0,0,narrative_exploration
strategic_final_0002,521,280,511118,397,209,0.761996,0.773923,1825.421429,91,31,141,76,165,102,67,19,4,2,20,10,16,8,79,45,43,22,127,83,15,11,20,8,0,0,narrative_exploration
strategic_final_0004,39,33,153395,32,27,0.820513,0.946758,4648.333333,10,6,18,18,4,3,6,2,1,1,3,3,7,7,6,6,5,5,1,1,0,0,1,1,0,0,investigation
strategic_final_0005,169,149,364171,134,116,0.792899,0.85461,2444.100671,16,16,52,44,66,56,3,3,4,4,9,9,15,13,19,17,14,12,24,19,15,12,23,21,1,1,narrative_exploration
strategic_final_0008,204,132,65303,160,108,0.784314,0.905257,494.719697,84,49,47,36,29,23,52,29,12,6,18,12,20,17,13,12,13,7,12,10,7,6,10,7,0,0,narrative_exploration
strategic_final_0014,298,200,120719,223,140,0.748322,0.789387,603.595,40,16,125,79,58,45,16,6,9,2,11,4,16,8,51,30,51,36,39,31,3,2,12,9,0,0,investigation
strategic_final_0019,719,622,534560,514,436,0.714882,0.820432,859.421222,102,80,249,222,163,134,55,34,11,10,33,33,27,21,96,84,121,113,109,100,19,12,24,13,0,0,investigation
strategic_final_0027,498,464,1918340,419,393,0.841365,0.842867,4134.353448,174,167,130,121,115,105,98,92,21,20,48,48,50,47,55,53,23,19,33,30,25,22,43,40,0,0,narrative_exploration
strategic_final_0029,733,511,352551,527,413,0.718963,0.820539,689.923679,126,91,221,190,180,132,62,36,24,19,39,35,52,44,106,89,59,54,67,48,56,33,44,41,1,1,narrative_exploration
strategic_final_0031,261,131,270498,179,84,0.685824,0.814128,2064.870229,15,6,84,40,80,38,1,0,3,1,9,4,16,10,34,13,30,14,55,29,18,6,5,2,0,0,open_world
strategic_final_0051,508,403,824694,376,293,0.740157,0.802424,2046.387097,99,72,162,130,115,91,52,36,28,22,19,14,29,27,75,56,56,46,97,78,7,7,9,5,0,0,narrative_exploration
strategic_final_0053,1361,456,299865,1014,342,0.74504,0.74888,657.598684,277,61,492,187,245,94,119,26,76,10,72,21,58,6,286,128,125,39,121,67,54,8,63,15,0,0,narrative_exploration
strategic_final_0055,242,219,107534,166,146,0.68595,0.746834,491.022831,31,29,78,72,57,45,7,6,9,9,15,14,27,25,17,16,31,29,26,21,7,6,22,16,0,0,open_world
strategic_final_0073,1022,334,206598,813,269,0.795499,0.902947,618.556886,268,79,297,99,248,91,145,42,48,13,67,20,91,42,134,32,68,23,81,34,45,27,99,27,15,0,investigation
strategic_final_0080,363,228,2225289,319,198,0.878788,0.922992,9760.039474,126,78,89,59,104,61,77,50,13,6,33,21,30,22,33,21,24,16,30,13,12,12,59,34,0,0,narrative_exploration
strategic_final_0090,745,372,524422,608,294,0.816107,0.815294,1409.736559,190,76,256,139,162,79,88,27,36,22,62,25,60,36,137,74,53,25,61,28,35,24,59,22,0,0,open_world
strategic_final_0109,261,243,113181,195,182,0.747126,0.838754,465.765432,44,38,109,103,42,41,34,30,4,4,4,4,22,19,64,63,22,21,24,23,11,11,4,4,0,0,narrative_exploration
strategic_final_0120,532,353,1312293,408,269,0.766917,0.883139,3717.543909,93,62,179,112,136,95,41,22,22,21,30,19,21,15,103,55,54,41,91,66,11,10,21,15,9,2,narrative_exploration
strategic_final_0134,348,273,604751,266,211,0.764368,0.769632,2215.205128,58,48,142,99,66,64,22,18,12,10,23,19,16,12,59,39,63,46,22,21,14,13,23,23,0,0,open_world
strategic_final_0138,45,29,292340,36,26,0.8,0.965465,10080.689655,19,15,13,7,4,4,15,12,0,0,0,0,3,2,3,0,5,4,0,0,2,2,2,2,0,0,open_world
strategic_final_0140,62,50,10997,46,36,0.741935,0.851505,219.94,22,16,13,10,11,10,11,8,4,2,4,3,1,1,7,5,2,1,7,7,2,2,2,1,0,0,investigation
strategic_final_0150,681,491,866814,466,355,0.684288,0.739065,1765.405295,146,114,157,114,163,127,64,46,25,21,55,46,51,39,56,37,43,35,65,51,39,32,55,41,0,0,open_world
strategic_final_0160,272,240,403741,226,199,0.830882,0.92252,1682.254167,55,43,110,100,61,56,41,32,4,3,9,7,40,36,34,30,34,33,22,21,23,22,16,13,0,0,open_world
strategic_final_0162,151,140,466049,128,118,0.847682,0.923358,3328.921429,28,26,67,61,33,31,17,16,3,3,8,7,16,14,32,29,15,15,11,11,8,8,13,11,1,1,open_world
strategic_final_0169,799,660,733314,574,476,0.718398,0.844588,1111.081818,127,106,329,269,118,101,88,73,19,16,19,17,77,66,167,132,74,62,84,68,17,16,15,15,0,0,open_world
strategic_final_0188,190,166,331954,148,130,0.778947,0.933229,1999.722892,46,43,64,54,38,33,24,22,12,11,10,10,26,23,20,16,16,14,10,7,11,11,15,13,0,0,open_world
strategic_final_0189,37,35,31714,27,26,0.72973,0.86167,906.114286,8,8,11,10,8,8,7,7,0,0,1,1,5,4,5,5,1,1,2,2,3,3,2,2,0,0,narrative_exploration
strategic_final_0191,12,9,6733,10,7,0.833333,0.970593,748.111111,2,1,6,4,2,2,1,1,0,0,1,0,6,4,0,0,0,0,0,0,2,2,0,0,0,0,open_world
strategic_final_0192,3,3,573,2,2,0.666667,0.95637,191.0,1,1,1,1,0,0,1,1,0,0,0,0,1,1,0,0,0,0,0,0,0,0,0,0,0,0,open_world
strategic_final_0194,41,37,42183,35,32,0.853659,0.828438,1140.081081,15,13,9,8,11,11,11,9,1,1,3,3,4,3,3,3,2,2,2,2,7,7,2,2,0,0,investigation
strategic_final_0196,88,78,130595,70,62,0.795455,0.91002,1674.294872,11,8,39,36,20,18,8,5,1,1,1,1,17,16,16,14,5,5,0,0,9,9,11,9,0,0,narrative_exploration
strategic_final_0201,40,38,31448,23,22,0.575,0.897386,827.578947,4,4,12,11,7,7,3,3,0,0,1,1,7,7,1,1,4,3,3,3,2,2,1,1,0,0,open_world
strategic_final_0207,40,39,114921,33,33,0.825,0.960286,2946.692308,12,12,11,11,10,10,11,11,0,0,0,0,6,6,2,2,3,3,2,2,7,7,0,0,0,0,open_world
strategic_final_0220,56,43,97753,38,30,0.678571,0.912125,2273.325581,4,1,23,18,11,11,2,1,0,0,1,0,9,7,5,4,6,4,2,2,7,7,2,2,0,0,narrative_exploration
strategic_final_0225,58,38,12654,46,26,0.793103,0.710447,333.0,27,10,13,11,6,5,24,8,0,0,1,1,3,3,6,5,3,3,3,2,2,2,0,0,0,0,narrative_exploration
strategic_final_0232,114,102,398658,80,72,0.701754,0.845913,3908.411765,23,20,27,26,30,26,13,11,1,1,8,8,15,14,4,4,8,8,2,2,11,8,15,14,0,0,open_world
strategic_final_0239,130,95,290051,101,70,0.776923,0.917301,3053.168421,16,11,48,33,37,26,4,2,3,2,8,6,17,11,14,9,13,9,13,9,11,8,10,6,0,0,open_world
strategic_final_0248,61,47,87478,44,34,0.721311,0.728903,1861.234043,6,4,24,20,14,10,2,1,1,1,1,1,4,4,11,8,7,6,4,2,7,7,3,1,0,0,open_world
strategic_final_0267,278,223,380889,233,187,0.838129,0.966541,1708.022422,44,37,124,102,65,48,17,13,12,12,13,11,33,29,60,47,29,26,30,20,20,18,12,8,0,0,open_world
strategic_final_0272,70,64,306930,53,47,0.757143,0.7423,4795.78125,24,19,18,18,11,10,21,18,0,0,1,1,13,13,5,5,0,0,3,3,4,4,3,2,0,0,open_world
strategic_final_0281,22,17,35501,19,15,0.863636,0.995803,2088.294118,9,8,6,6,4,1,5,5,0,0,3,2,4,4,1,1,1,1,2,0,1,1,1,0,0,0,open_world
strategic_final_0294,451,121,68134,362,96,0.802661,0.845143,563.090909,113,44,177,35,72,17,13,5,57,23,42,16,31,9,67,8,73,15,20,4,16,6,35,7,0,0,narrative_exploration
strategic_final_0295,12,7,9116,10,5,0.833333,0.874287,1302.285714,2,2,6,3,2,0,1,1,1,1,0,0,3,2,0,0,3,1,1,0,0,0,1,0,0,0,open_world
