steamid,combat,exploration,puzzle,hours_combat,hours_exploration,hours_puzzle,games_combat,games_exploration,games_puzzle,total_playtime,num_games,avg_playtime_per_game,diversity,entropy,dominance,second_max,gap,target
76561197964163072,0.49376382253996615,0.47938838097518555,0.02684779648484833,6255.008333333333,6072.9,340.10833333333335,150.0,89.0,34.0,12668.016666666666,273.0,46.40299145299145,3,1.1513275918765582,0.49376382253996615,0.47938838097518555,0.0143754415647806,combat
76561197970087759,0.7174795534513577,0.27644093611538884,0.0060795104332533765,14621.527777777777,5633.594444444444,123.89444444444445,111.5,55.5,9.0,20379.016666666666,176.0,115.78986742424242,3,0.9012081193573318,0.7174795534513577,0.27644093611538884,0.4410386173359689,combat
76561197993572531,0.4059017270870379,0.5208546606200618,0.07324361229290029,8392.6,10769.416666666666,1514.4166666666667,546.1666666666666,900.1666666666666,252.66666666666666,20676.433333333334,1699.0,12.16976652933098,3,1.2943577239829789,0.5208546606200618,0.4059017270870379,0.11495293353302388,exploration
76561198002012416,0.40376902769196205,0.5476717407178565,0.048559231590181426,599.025,812.5166666666667,72.04166666666666,43.666666666666664,40.166666666666664,9.166666666666666,1483.5833333333333,93.0,15.952508960573477,3,1.2159251783703222,0.5476717407178565,0.40376902769196205,0.14390271302589447,exploration
76561198009405343,0.36798303842114655,0.48968137594863975,0.1423355856302138,619.0333333333333,823.7583333333333,239.44166666666666,33.666666666666664,49.166666666666664,32.166666666666664,1682.2333333333331,115.0,14.628115942028984,3,1.4354887305254782,0.48968137594863975,0.36798303842114655,0.1216983375274932,exploration
76561198016136462,0.6392285243805298,0.3368945945270166,0.02387688109245348,994.2027777777778,523.9777777777778,37.13611111111111,38.333333333333336,12.333333333333334,5.333333333333333,1555.3166666666668,56.00000000000001,27.773511904761904,3,1.0701381203652727,0.6392285243805298,0.3368945945270166,0.3023339298535132,combat
76561198021094241,0.6864378451441504,0.29791837325660603,0.015643781599243612,3924.5138888888887,1703.263888888889,89.43888888888888,229.0,124.5,38.5,5717.216666666666,392.0,14.584736394557822,3,0.9869000268123594,0.6864378451441504,0.29791837325660603,0.3885194718875444,combat
76561198054080295,0.5771202500374546,0.40809752863285864,0.014782221329686688,4023.336111111111,2845.011111111111,103.05277777777778,75.0,37.5,12.5,6971.400000000001,125.0,55.77120000000001,3,1.0752404298217941,0.5771202500374546,0.40809752863285864,0.16902272140459595,combat
76561198057419230,0.3022409457849928,0.4783625215051392,0.21939653270986814,114.19166666666666,180.73333333333332,82.89166666666667,25.166666666666668,27.166666666666668,7.666666666666666,377.8166666666666,60.0,6.296944444444444,3,1.5107550816551396,0.4783625215051392,0.3022409457849928,0.17612157572014642,exploration
76561198067629039,0.5012590628491607,0.4436506838766383,0.05509025327420103,2838.822222222222,2512.563888888889,311.9972222222222,65.16666666666667,101.66666666666667,18.166666666666668,5663.383333333333,185.0,30.612882882882882,3,1.2500131869244175,0.5012590628491607,0.4436506838766383,0.057608378972522356,combat
76561198070677644,0.7982060535626747,0.18514694832692133,0.016646998110403988,8150.388888888889,1890.513888888889,169.98055555555555,341.3333333333333,279.3333333333333,62.333333333333336,10210.883333333333,683.0,14.950048804294777,3,0.8084206914208898,0.7982060535626747,0.18514694832692133,0.6130591052357534,combat
76561198079201794,0.7563117394320376,0.21465829224092967,0.029029968327032796,2344.1,665.3083333333334,89.975,71.0,40.0,8.0,3099.383333333333,119.0,26.045238095238094,3,0.9295066974507094,0.7563117394320376,0.21465829224092967,0.5416534471911079,combat
76561198090208789,0.500099301995896,0.49471105712903113,0.005189640875072902,11247.391666666666,11126.208333333334,116.71666666666667,38.5,50.5,7.0,22490.316666666666,96.0,234.27413194444443,3,1.0416470651093126,0.500099301995896,0.49471105712903113,0.0053882448668649,combat
76561198090781234,0.6724564483989979,0.3242547398741295,0.0032888117268727686,2840.4,1369.625,13.891666666666666,53.5,35.0,2.5,4223.916666666666,91.0,46.41666666666666,3,0.9389488266155838,0.6724564483989979,0.3242547398741295,0.34820170852486837,combat
76561198110543020,0.8240457589150277,0.17027745619847146,0.005676784886500707,3772.563888888889,779.5472222222222,25.988888888888887,88.66666666666667,38.666666666666664,10.666666666666666,4578.1,138.0,33.174637681159425,3,0.7073249701330232,0.8240457589150277,0.17027745619847146,0.6537683027165563,combat
76561198111573586,0.8212124591138864,0.17047093369015756,0.008316607195955993,1227.4388888888889,254.7972222222222,12.430555555555557,55.666666666666664,17.166666666666668,3.1666666666666665,1494.6666666666667,76.0,19.666666666666668,3,0.7259424722623707,0.8212124591138864,0.17047093369015756,0.6507415254237289,combat
76561198119630343,0.6010340552623176,0.3954603940868194,0.0035055506508631217,2133.15,1403.5416666666667,12.441666666666666,36.5,23.0,1.5,3549.133333333333,61.0,58.18251366120219,3,0.9993222486219099,0.6010340552623176,0.3954603940868194,0.2055736611754982,combat
76561198149690895,0.4754358939916212,0.5098961278502011,0.01466797815817772,3657.3777777777777,3922.4694444444444,112.83611111111112,47.833333333333336,52.333333333333336,11.833333333333334,7692.683333333333,112.0,68.68467261904762,3,1.0948133300263172,0.5098961278502011,0.4754358939916212,0.034460233858579936,exploration
76561198151033409,0.06443051352260172,0.9235000240188309,0.012069462458567519,134.125,1922.45,25.125,17.5,28.0,7.5,2081.7,53.0,39.27735849056604,3,0.43783958783111765,0.9235000240188309,0.06443051352260172,0.8590695104962291,exploration
76561198192648407,0.6136208076659821,0.3732195821518204,0.01315961018219745,627.55,381.69166666666666,13.458333333333332,14.0,8.5,5.5,1022.6999999999999,28.0,36.525,3,1.0452453844838423,0.6136208076659821,0.3732195821518204,0.24040122551416176,combat
76561198208272697,0.3353193686533769,0.65220632156561,0.01247430978101303,2208.0333333333333,4294.691666666667,82.14166666666667,55.333333333333336,51.333333333333336,15.333333333333334,6584.866666666667,122.0,53.97431693989071,3,1.0096437803091518,0.65220632156561,0.3353193686533769,0.31688695291223307,exploration
76561198215471111,0.16563725108954583,0.809747870596809,0.024614878313645172,1277.8472222222222,6246.988888888889,189.8972222222222,69.66666666666667,91.66666666666667,15.666666666666666,7714.733333333334,177.0,43.58606403013183,3,0.8077285951902721,0.809747870596809,0.16563725108954583,0.6441106195072631,exploration
76561198217774529,0.49510786734801987,0.44734386333814197,0.05754826931383816,674.9805555555555,609.8638888888889,78.45555555555556,51.5,37.5,6.0,1363.3,95.0,14.350526315789473,3,1.258339394874766,0.49510786734801987,0.44734386333814197,0.0477640040098779,combat
76561198234335792,0.7360268685364614,0.24727010671401026,0.016703024749528384,4712.313888888889,1583.1138888888888,106.93888888888888,122.33333333333333,79.33333333333333,21.333333333333332,6402.366666666667,223.0,28.7101644245142,3,0.9225162163156403,0.7360268685364614,0.24727010671401026,0.4887567618224511,combat
76561198249570110,0.45142931857907703,0.4538034876199127,0.09476719380101023,182.21944444444446,183.17777777777778,38.25277777777778,25.833333333333332,23.833333333333332,11.333333333333334,403.65000000000003,61.0,6.617213114754099,3,1.3574133408872353,0.4538034876199127,0.45142931857907703,0.0023741690408356497,exploration
76561198261188424,0.40987220240467986,0.5046574063663712,0.08547039122894882,2673.3777777777777,3291.6111111111113,557.4777777777778,65.33333333333333,66.83333333333333,19.833333333333332,6522.466666666667,152.0,42.910964912280704,3,1.3285974908883125,0.5046574063663712,0.40987220240467986,0.09478520396169138,exploration
76561198262757188,0.5529685671687996,0.4097463992153221,0.03728503361587834,3830.477777777778,2838.3611111111113,258.27777777777777,75.0,47.5,4.5,6927.116666666667,127.0,54.54422572178478,3,1.1769905917819368,0.5529685671687996,0.4097463992153221,0.14322216795347753,combat
76561198271859829,0.45400007712135637,0.5059724558109459,0.04002746706769772,1700.638888888889,1895.3222222222223,149.9388888888889,57.0,52.0,12.0,3745.9,121.0,30.957851239669424,3,1.2003599549560167,0.5059724558109459,0.45400007712135637,0.05197237868958948,exploration
76561198273281065,0.6344150263086179,0.3551733294202321,0.010411644271149963,1513.175,847.1416666666667,24.833333333333336,47.666666666666664,31.166666666666668,5.166666666666666,2385.15,84.0,28.39464285714286,3,1.0154792977199236,0.6344150263086179,0.3551733294202321,0.2792416968883858,combat
76561198294701020,0.7376804322877921,0.22887003108366064,0.033449536628547376,4263.866666666667,1322.8916666666667,193.34166666666667,125.0,99.0,43.0,5780.099999999999,267.0,21.64831460674157,3,0.9746549172324324,0.7376804322877921,0.22887003108366064,0.5088104012041315,combat
76561198301672671,0.698179684890024,0.284349304365631,0.01747101074434494,2879.386111111111,1172.6944444444443,72.05277777777778,91.66666666666667,100.66666666666667,24.666666666666668,4124.133333333333,217.0,19.005222734254993,3,0.9797832971891361,0.698179684890024,0.284349304365631,0.413830380524393,combat
76561198318128729,0.8108176739461656,0.05167597765363128,0.13750634840020315,106.43333333333334,6.783333333333333,18.05,6.5,4.5,3.0,131.26666666666668,14.0,9.376190476190477,3,0.8597974751652918,0.8108176739461656,0.13750634840020315,0.6733113255459624,combat
76561198321959737,0.8365757023937136,0.13738202555150408,0.026042272054782333,3238.7888888888892,531.8722222222223,100.82222222222222,123.66666666666667,101.16666666666667,54.166666666666664,3871.4833333333336,279.0,13.876284348864996,3,0.7458475472209295,0.8365757023937136,0.13738202555150408,0.6991936768422096,combat
76561198348540244,0.9763530511032847,0.0059068366406826835,0.017740112256032618,2490.4,15.066666666666666,45.25,8.0,1.0,1.0,2550.7166666666667,10.0,255.07166666666666,3,0.18063083571083993,0.9763530511032847,0.017740112256032618,0.9586129388472521,combat
76561198351063966,0.6886068756511032,0.3010129130445316,0.010380211304365063,5210.883333333333,2277.85,78.55000000000001,44.333333333333336,48.333333333333336,4.333333333333333,7567.283333333334,97.0,78.01323024054983,3,0.9604320238822956,0.6886068756511032,0.3010129130445316,0.38759396260657164,combat
76561198389287631,0.970559811792692,0.026335467282363436,0.003104720924944465,3699.1916666666666,100.375,11.833333333333334,42.5,13.5,1.0,3811.4,57.0,66.86666666666667,3,0.20588642577960803,0.970559811792692,0.026335467282363436,0.9442243445103286,combat
76561198402634405,0.9425835407482932,0.03301146529922732,0.024404993952479487,1571.6166666666666,55.041666666666664,40.69166666666667,11.0,2.0,4.0,1667.35,17.0,98.07941176470588,3,0.37358503966400414,0.9425835407482932,0.03301146529922732,0.9095720754490659,combat
76561198402842854,0.35211096406158476,0.6235257935697093,0.024363242368705906,1866.8277777777778,3305.8194444444443,129.16944444444445,30.0,45.0,15.0,5301.816666666667,90.0,58.90907407407407,3,1.0857290910735573,0.6235257935697093,0.35211096406158476,0.2714148295081245,exploration
76561198408630774,0.3389228306115914,0.6463848863272494,0.01469228306115914,735.0388888888889,1401.8472222222222,31.863888888888887,40.833333333333336,51.333333333333336,5.833333333333333,2168.75,98.0,22.130102040816325,3,1.0254288093960466,0.6463848863272494,0.3389228306115914,0.30746205571565804,exploration
76561198416904447,0.9463366287260171,0.05174348297657487,0.001919888297408151,1265.1416666666667,69.175,2.566666666666667,24.5,5.5,2.0,1336.8833333333332,32.0,41.77760416666666,3,0.31370386529301875,0.9463366287260171,0.05174348297657487,0.8945931457494423,combat
76561198419798999,0.4562134080976334,0.4656139193535087,0.07817267254885792,922.0833333333334,941.0833333333334,158.0,63.666666666666664,72.16666666666667,22.166666666666668,2021.1666666666667,158.0,12.792194092827005,3,1.3174657073964395,0.4656139193535087,0.4562134080976334,0.009400511255875321,exploration
76561198438689701,0.17831929745948485,0.7631341952546007,0.058546507285914484,225.50555555555556,965.0722222222223,74.03888888888889,10.833333333333334,20.833333333333332,7.333333333333333,1264.6166666666668,39.0,32.42606837606838,3,0.9808841590511466,0.7631341952546007,0.17831929745948485,0.5848148977951159,exploration
76561198439497587,0.8709702990166567,0.11088902267710213,0.018140678306241217,2411.1361111111114,306.97777777777776,50.21944444444444,44.333333333333336,49.833333333333336,18.833333333333332,2768.3333333333335,113.0,24.498525073746315,3,0.6303554058582149,0.8709702990166567,0.11088902267710213,0.7600812763395546,combat
76561198443835056,0.7275863112348332,0.25338134285454933,0.01903234591061757,400.76666666666665,139.56666666666666,10.483333333333334,11.0,5.0,2.0,550.8166666666666,18.0,30.60092592592592,3,0.944452772904609,0.7275863112348332,0.25338134285454933,0.47420496838028386,combat
76561198448604074,0.278790082142659,0.6735960847181949,0.04761383313914609,530.4027777777778,1281.5277777777778,90.58611111111111,42.666666666666664,53.166666666666664,11.166666666666666,1902.5166666666669,107.0,17.78052959501558,3,1.1068623332996492,0.6735960847181949,0.278790082142659,0.3948060025755359,exploration
76561198677073705,0.0,0.0,1.0,0.0,0.0,4.483333333333333,0.0,0.0,2.0,4.483333333333333,2.0,2.2416666666666667,1,-0.0,1.0,0.0,1.0,puzzle
76561198681768628,0.44986200551977923,0.10119595216191352,0.44894204231830726,8.15,1.8333333333333333,8.133333333333333,6.5,1.5,1.0,18.116666666666667,9.0,2.012962962962963,3,1.3715786174007745,0.44986200551977923,0.44894204231830726,0.0009199632014719739,combat
76561198688946192,0.023992756903576277,0.7885921231326392,0.18741511996378452,0.8833333333333333,29.033333333333335,6.9,0.5,2.5,1.0,36.81666666666667,4.0,9.204166666666667,3,0.8520583084816703,0.7885921231326392,0.18741511996378452,0.6011770031688546,exploration
76561198698268684,0.15824175824175826,0.12637362637362637,0.7153846153846154,2.4000000000000004,1.9166666666666665,10.85,2.5,3.0,1.5,15.166666666666666,7.0,2.1666666666666665,3,1.1436996621661413,0.7153846153846154,0.15824175824175826,0.5571428571428572,puzzle
76561198722267029,0.4544675380329976,0.5052496250267837,0.04028283694021855,35.35,39.3,3.1333333333333333,3.0,3.0,1.0,77.78333333333335,7.0,11.111904761904764,3,1.2013654378925809,0.5052496250267837,0.4544675380329976,0.05078208699378611,exploration
76561198722776476,0.07426099495313626,0.07426099495313626,0.8514780100937275,1.7166666666666666,1.7166666666666666,19.683333333333334,0.5,0.5,2.0,23.116666666666667,3.0,7.705555555555556,3,0.7546511810923224,0.8514780100937275,0.07426099495313626,0.7772170151405913,puzzle
76561198734942039,0.47748551047703974,0.15927329469460544,0.3632411948283549,35.7,11.908333333333333,27.15833333333333,1.5,1.0,3.5,74.76666666666667,6.0,12.46111111111111,3,1.4620617156427815,0.47748551047703974,0.3632411948283549,0.11424431564868487,combat
76561198735263241,0.6934434022635438,0.2768453001298155,0.02971129760664071,210.70277777777778,84.11944444444444,9.027777777777779,16.833333333333332,13.333333333333334,1.8333333333333333,303.84999999999997,31.999999999999996,9.4953125,3,1.0299151772378738,0.6934434022635438,0.2768453001298155,0.41659810213372833,combat
76561198743664500,0.9534769432385944,0.00417724629371775,0.042345810467687775,194.01666666666665,0.8500000000000001,8.616666666666667,3.5,1.5,1.0,203.48333333333332,6.0,33.913888888888884,3,0.29171247168049164,0.9534769432385944,0.042345810467687775,0.9111311327709066,combat
76561198750649660,0.46863239733675205,0.4968777139076134,0.034489888755634586,188.86666666666667,200.25,13.899999999999999,11.0,19.0,2.0,403.01666666666665,32.0,12.594270833333333,3,1.1813451874943461,0.4968777139076134,0.46863239733675205,0.02824531657086138,exploration
76561198756090448,0.968640436306973,0.0,0.03135956369302688,414.4166666666667,0.0,13.416666666666668,2.0,0.0,3.0,427.83333333333337,5.0,85.56666666666668,2,0.20116483864639867,0.968640436306973,0.03135956369302688,0.9372808726139462,combat
76561198768578988,0.21498371335504884,0.14983713355048858,0.6351791530944625,1.1,0.7666666666666666,3.25,2.0,1.0,1.0,5.116666666666667,4.0,1.2791666666666668,3,1.3029962361276564,0.6351791530944625,0.21498371335504884,0.42019543973941365,puzzle
76561198772435366,0.9853419914911209,0.00018946897015002497,0.01446853953872918,953.4333333333334,0.18333333333333332,14.0,11.0,1.0,2.0,967.6166666666667,14.0,69.11547619047619,3,0.11175054463510178,0.9853419914911209,0.01446853953872918,0.9708734519523917,combat
76561198783881312,0.4594861660079052,0.19532279314888013,0.3451910408432148,23.25,9.883333333333333,17.466666666666665,6.0,1.0,2.0,50.599999999999994,9.0,5.622222222222222,3,1.505401402606963,0.4594861660079052,0.3451910408432148,0.11429512516469043,combat
76561198784632981,0.1076042820228867,0.7857142857142857,0.10668143226282763,4.858333333333333,35.474999999999994,4.816666666666666,1.0,3.0,1.0,45.14999999999999,5.0,9.029999999999998,3,0.9638781046311377,0.7857142857142857,0.1076042820228867,0.678110003691399,exploration
76561198799814214,0.6441661152782414,0.3396913786272088,0.01614250609454994,1833.5222222222224,966.8805555555556,45.94722222222222,40.833333333333336,35.833333333333336,6.333333333333333,2846.35,83.0,34.2933734939759,3,1.03395503650492,0.6441661152782414,0.3396913786272088,0.30447473665103264,combat
76561198807861778,0.756829367893911,0.18806284522965158,0.05510778687643734,1369.3944444444444,340.27777777777777,99.71111111111112,33.833333333333336,14.833333333333334,5.333333333333333,1809.3833333333334,54.00000000000001,33.5070987654321,3,0.9880194636035401,0.756829367893911,0.18806284522965158,0.5687665226642594,combat
76561198813665474,0.43287062760805456,0.559277225633865,0.00785214675808044,1493.1944444444443,1929.236111111111,27.086111111111112,46.833333333333336,55.833333333333336,6.333333333333333,3449.516666666667,109.0,31.646941896024465,3,1.046690197510686,0.559277225633865,0.43287062760805456,0.1264065980258104,exploration
76561198814167257,0.45314311992642053,0.528921901867477,0.017934978206102285,377.725,440.8916666666667,14.95,33.0,18.0,5.0,833.5666666666668,56.0,14.885119047619051,3,1.1075264146374708,0.528921901867477,0.45314311992642053,0.07577878194105647,exploration
76561198826956274,0.6909498705971656,0.2824343870848201,0.026615742318014182,1284.4527777777778,525.0361111111112,49.477777777777774,41.166666666666664,27.666666666666668,4.166666666666667,1858.966666666667,73.0,25.465296803652972,3,1.0229221726165993,0.6909498705971656,0.2824343870848201,0.4085154835123455,combat
76561198833154411,0.4736289893200539,0.4982036035310488,0.028167407148897327,1764.2916666666667,1855.8333333333335,104.925,90.0,68.5,14.5,3725.05,173.0,21.532080924855492,3,1.1565008396286713,0.4982036035310488,0.4736289893200539,0.02457461421099494,exploration
76561198846653510,0.2664543797638248,0.7163048161578263,0.01724080407834883,1552.9138888888888,4174.672222222222,100.48055555555555,51.666666666666664,56.166666666666664,17.166666666666668,5828.0666666666675,125.0,46.62453333333334,3,0.954199139489594,0.7163048161578263,0.2664543797638248,0.44985043639400146,exploration
76561198849962442,0.78930494599558,0.17009057801848912,0.04060447598593083,422.6333333333333,91.075,21.741666666666667,36.5,12.0,5.5,535.45,54.0,9.915740740740741,3,0.8917959650363648,0.78930494599558,0.17009057801848912,0.6192143679770908,combat
76561198849975124,0.3276464625736122,0.5836909003849288,0.08866263704145913,585.4277777777778,1042.9194444444445,158.41944444444445,61.333333333333336,93.33333333333333,29.333333333333332,1786.7666666666667,184.0,9.710688405797102,3,1.2907307390528024,0.5836909003849288,0.3276464625736122,0.2560444378113166,exploration
76561198856202641,0.4941479533520681,0.5001241825010098,0.005727864146922079,3194.4194444444443,3233.052777777778,37.02777777777778,48.333333333333336,40.833333333333336,3.8333333333333335,6464.5,93.0,69.51075268817205,3,1.0451459859163972,0.5001241825010098,0.4941479533520681,0.005976229148941636,exploration
76561198863254785,0.6920970853694358,0.26610022964565144,0.04180268498491282,2303.8527777777776,885.7944444444445,139.15277777777777,90.16666666666667,71.16666666666667,19.666666666666668,3328.7999999999997,181.0,18.391160220994475,3,1.0671790274702513,0.6920970853694358,0.26610022964565144,0.4259968557237844,combat
76561198865761149,0.848171734377214,0.14920001787988332,0.0026282477429024945,4954.552777777778,871.5444444444445,15.352777777777778,76.16666666666667,53.166666666666664,9.666666666666666,5841.450000000001,139.0,42.024820143884895,3,0.6335364611548017,0.848171734377214,0.14920001787988332,0.6989717164973307,combat
76561198866375958,0.8383698986165846,0.1423457249888434,0.019284376394571933,5928.169444444445,1006.5361111111112,136.36111111111111,47.833333333333336,29.833333333333332,8.333333333333334,7071.0666666666675,86.0,82.22170542635659,3,0.7234354345109887,0.8383698986165846,0.1423457249888434,0.6960241736277413,combat
76561198878881287,0.3935722860329164,0.472546011180486,0.1338817027865976,307.81944444444446,369.5861111111111,104.71111111111111,8.333333333333334,8.833333333333334,2.8333333333333335,782.1166666666667,20.0,39.10583333333334,3,1.428905179352595,0.472546011180486,0.3935722860329164,0.07897372514756962,exploration
76561198896959279,0.6694530884536376,0.2921370024610003,0.03840990908536213,548.5833333333334,239.39166666666668,31.475,8.5,7.0,2.5,819.45,18.0,45.525000000000006,3,1.08682035586571,0.6694530884536376,0.2921370024610003,0.37731608599263733,combat
76561198902455098,0.23453079784112787,0.6948384304223366,0.0706307717365355,583.9777777777778,1730.1361111111112,175.86944444444444,20.666666666666668,50.166666666666664,19.166666666666668,2489.9833333333336,90.0,27.666481481481483,3,1.1256989859310815,0.6948384304223366,0.23453079784112787,0.46030763258120877,exploration
76561198970240859,0.9012448770763414,0.07943513967754078,0.01931998324611771,944.3694444444444,83.23611111111111,20.244444444444444,20.333333333333332,11.833333333333334,2.8333333333333335,1047.8500000000001,35.0,29.938571428571432,3,0.5354604457159184,0.9012448770763414,0.07943513967754078,0.8218097373988006,combat
76561198978278981,0.7536824021345582,0.2294850311660625,0.016832566699379353,1881.5555555555554,572.9055555555556,42.022222222222226,37.833333333333336,12.333333333333334,4.833333333333333,2496.483333333333,55.00000000000001,45.39060606060605,3,0.8939863538300473,0.7536824021345582,0.2294850311660625,0.5241973709684957,combat
76561198979264617,0.3784439170364256,0.6141058714270974,0.007450211536477143,305.625,495.94166666666666,6.016666666666666,8.5,7.0,2.5,807.5833333333333,18.0,44.86574074074073,3,1.0151699713686686,0.6141058714270974,0.3784439170364256,0.23566195439067178,exploration
76561198992448737,0.2695376198909365,0.6998036155774929,0.03065876453157055,256.2,665.175,29.141666666666666,23.0,45.5,8.5,950.5166666666667,77.0,12.344372294372294,3,1.0243367508356387,0.6998036155774929,0.2695376198909365,0.43026599568655644,exploration
76561198994072114,0.42226415599362965,0.5614909686255092,0.01624487538086125,1577.6,2097.758333333333,60.69166666666667,37.833333333333336,30.833333333333332,8.333333333333334,3736.0499999999997,77.0,48.520129870129864,3,1.0892961708299302,0.5614909686255092,0.42226415599362965,0.13922681263187953,exploration
76561198999925392,0.9603024928343175,0.029654325976815374,0.010043181188867187,2851.522222222222,88.05555555555556,29.822222222222223,11.333333333333334,6.833333333333333,6.833333333333333,2969.3999999999996,25.0,118.77599999999998,3,0.273296203157103,0.9603024928343175,0.029654325976815374,0.9306481668575021,combat
76561199014331670,0.3202371682947164,0.5627074386925267,0.117055393012757,904.8194444444445,1589.911111111111,330.7361111111111,79.16666666666667,61.166666666666664,25.666666666666668,2825.4666666666662,166.0,17.020883534136544,3,1.355127233011697,0.5627074386925267,0.3202371682947164,0.24247027039781033,exploration
76561199026156214,0.7832721748737375,0.18175406407828287,0.03497376104797981,441.13888888888886,102.3638888888889,19.697222222222223,9.833333333333334,12.333333333333334,5.833333333333333,563.1999999999999,28.0,20.11428571428571,3,0.8923290410437349,0.7832721748737375,0.18175406407828287,0.6015181107954546,combat
76561199033784787,0.5019409562490503,0.4496940058297761,0.0483650379211737,605.5666666666667,542.5333333333333,58.35,23.5,19.0,8.5,1206.4499999999998,51.0,23.655882352941173,3,1.2289754880309272,0.5019409562490503,0.4496940058297761,0.05224695041927424,combat
76561199036842812,0.2649617573494762,0.7192654148693225,0.01577282778120129,487.3,1322.825,29.008333333333336,32.5,27.5,5.0,1839.1333333333334,65.0,28.294358974358975,3,0.9440691127564557,0.7192654148693225,0.2649617573494762,0.4543036575198463,exploration
76561199046671846,0.934575360088213,0.045576715444166215,0.019847924467620775,678.0500000000001,33.06666666666666,14.4,6.5,2.5,5.0,725.5166666666668,14.0,51.82261904761906,3,0.40653767934513263,0.934575360088213,0.045576715444166215,0.8889986446440468,combat
76561199049771754,0.39976469050264724,0.5876909166176438,0.012544392879708913,611.6,899.1083333333333,19.191666666666666,37.666666666666664,34.166666666666664,4.166666666666667,1529.9,76.0,20.13026315789474,3,1.0587229704840913,0.5876909166176438,0.39976469050264724,0.1879262261149966,exploration
76561199051858004,0.9359503533073629,0.052150293375607774,0.011899353317029317,1613.75,89.91666666666667,20.516666666666666,12.5,7.0,1.5,1724.1833333333334,21.0,82.10396825396826,3,0.38767367342593817,0.9359503533073629,0.052150293375607774,0.8838000599317551,combat
76561199063609065,0.2891168693559252,0.6783917188672416,0.032491411776833255,670.0138888888888,1572.138888888889,75.29722222222222,9.833333333333334,12.833333333333334,5.333333333333333,2317.45,28.0,82.76607142857142,3,1.0579999135784093,0.6783917188672416,0.2891168693559252,0.3892748495113164,exploration
76561199064701575,0.3796394001791021,0.5966324243236615,0.023728175497236468,1109.3,1743.35,69.33333333333333,45.5,64.0,10.5,2921.983333333333,120.0,24.34986111111111,3,1.1030788223561934,0.5966324243236615,0.3796394001791021,0.2169930241445594,exploration
76561199068026988,0.6298582223644373,0.33699264036232063,0.03314913727324193,852.9749999999999,456.3666666666667,44.891666666666666,15.333333333333334,24.833333333333332,4.833333333333333,1354.2333333333333,45.0,30.094074074074076,3,1.111789815802272,0.6298582223644373,0.33699264036232063,0.2928655820021167,combat
76561199068622591,0.8505233857130512,0.14005814025255828,0.009418474034390391,2296.725,378.2083333333333,25.433333333333334,62.0,32.5,4.5,2700.366666666667,99.0,27.276430976430976,3,0.6592431298177736,0.8505233857130512,0.14005814025255828,0.710465245460493,combat
76561199070366974,0.1860554917214489,0.562357550528358,0.2515869577501931,164.625,497.5833333333333,222.60833333333332,24.333333333333332,28.833333333333332,11.833333333333332,884.8166666666666,65.0,13.612564102564102,3,1.4192885222833433,0.562357550528358,0.2515869577501931,0.31077059277816493,exploration
76561199081565391,0.5904957648231192,0.30947932237169906,0.10002491280518186,237.025,124.225,40.15,21.0,12.5,5.5,401.4,39.0,10.292307692307691,3,1.3046825620015368,0.5904957648231192,0.30947932237169906,0.2810164424514201,combat
76561199083616523,0.536248786697163,0.353588353636214,0.110162859666623,1774.0361111111113,1169.7527777777777,364.44444444444446,40.833333333333336,47.333333333333336,11.833333333333334,3308.2333333333336,100.0,33.08233333333334,3,1.3630036694666279,0.536248786697163,0.353588353636214,0.18266043306094903,combat
76561199090843258,0.30181876590802387,0.663135394271876,0.03504583982010033,339.26944444444445,745.4194444444445,39.394444444444446,5.833333333333333,13.833333333333334,6.333333333333333,1124.0833333333333,26.0,43.23397435897436,3,1.0840403933873428,0.663135394271876,0.30181876590802387,0.3613166283638521,exploration
76561199095029886,0.9140073847120747,0.07878073689999213,0.007211878387933064,969.5333333333334,83.56666666666666,7.6499999999999995,17.5,12.5,2.0,1060.7500000000002,32.0,33.14843750000001,3,0.45869380924886116,0.9140073847120747,0.07878073689999213,0.8352266478120826,combat
76561199103668866,0.34263706079553696,0.5731516945465712,0.08421124465789182,669.45,1119.8333333333333,164.53333333333333,14.0,12.0,5.0,1953.8166666666666,31.0,63.0263440860215,3,1.2903269557770831,0.5731516945465712,0.34263706079553696,0.23051463375103426,exploration
76561199112297278,0.3520112268949262,0.5609338171442749,0.08705495596079892,126.1138888888889,200.96388888888887,31.18888888888889,26.166666666666668,22.666666666666668,5.166666666666667,358.26666666666665,54.0,6.6345679012345675,3,1.3047118060064449,0.5609338171442749,0.3520112268949262,0.20892259024934873,exploration
76561199118245984,0.7629709801799364,0.1747953730636542,0.06223364675640939,187.98333333333332,43.06666666666666,15.333333333333334,14.0,4.0,1.0,246.38333333333333,19.0,12.967543859649123,3,0.9869363359776437,0.7629709801799364,0.1747953730636542,0.5881756071162821,combat
76561199119074588,0.4259818539834495,0.5624378723700623,0.011580273646488245,747.5555555555555,987.0222222222222,20.322222222222223,31.333333333333332,17.333333333333332,1.3333333333333333,1754.9,50.0,35.098,3,1.0658833727347123,0.5624378723700623,0.4259818539834495,0.13645601838661275,exploration
76561199127966687,0.13014829689474192,0.8632693420298203,0.006582361075437874,1114.7722222222224,7394.247222222222,56.38055555555556,14.833333333333334,29.333333333333332,2.8333333333333335,8565.4,47.0,182.24255319148935,3,0.6136845188349611,0.8632693420298203,0.13014829689474192,0.7331210451350784,exploration
76561199129589291,0.5232945335592374,0.4581197145392802,0.01858575190148231,792.7388888888888,694.0055555555556,28.155555555555555,53.166666666666664,32.666666666666664,4.166666666666666,1514.9,90.0,16.832222222222224,3,1.1117143898214152,0.5232945335592374,0.4581197145392802,0.0651748190199572,combat
76561199130234193,0.9486136002279265,0.03605190842500942,0.015334491347064065,5734.211111111112,217.92777777777778,92.69444444444444,45.833333333333336,21.833333333333332,24.333333333333332,6044.833333333334,92.0,65.70471014492755,3,0.33744373046317994,0.9486136002279265,0.03605190842500942,0.9125616918029171,combat
76561199132079866,0.3082054035362314,0.6842780573477355,0.00751653911603316,564.4833333333333,1253.2666666666667,13.766666666666666,13.0,12.0,3.0,1831.5166666666667,28.0,65.41130952380952,3,0.9509148686710102,0.6842780573477355,0.3082054035362314,0.3760726538115041,exploration
76561199137606321,0.8539516633738695,0.14541483108564135,0.0006335055404891337,4639.291666666667,790.0,3.441666666666667,44.5,18.0,2.5,5432.733333333334,65.0,83.58051282051282,3,0.6057465452365483,0.8539516633738695,0.14541483108564135,0.7085368322882282,combat
76561199149228225,0.6646125641705066,0.3103299705079568,0.02505746532153651,1713.9361111111111,800.2944444444445,64.61944444444444,33.333333333333336,22.333333333333332,7.333333333333333,2578.8500000000004,63.00000000000001,40.93412698412698,3,1.0488791299167919,0.6646125641705066,0.3103299705079568,0.3542825936625498,combat
76561199183820667,0.2976070640176601,0.5996865342163356,0.10270640176600442,187.24444444444444,377.30277777777775,64.61944444444444,17.333333333333332,32.333333333333336,16.333333333333332,629.1666666666666,66.0,9.532828282828282,3,1.2999985663686737,0.5996865342163356,0.2976070640176601,0.3020794701986755,exploration
76561199185990766,0.7709014732491966,0.22216323897917134,0.006935287771632105,2250.9166666666665,648.6833333333334,20.25,46.5,18.0,8.5,2919.85,73.0,39.99794520547945,3,0.8212835809573524,0.7709014732491966,0.22216323897917134,0.5487382342700252,combat
76561199186263893,0.6274235845406475,0.3312268030895777,0.04134961236977488,729.725,385.2333333333333,48.09166666666667,19.5,13.0,4.5,1163.05,37.0,31.43378378378378,3,1.1399886511625041,0.6274235845406475,0.3312268030895777,0.2961967814510698,combat
76561199189774256,0.7401535246362833,0.18541515955309057,0.07443131581062615,204.6277777777778,51.26111111111111,20.57777777777778,11.333333333333334,6.833333333333333,4.833333333333333,276.4666666666667,23.0,12.020289855072464,3,1.0510434228892525,0.7401535246362833,0.18541515955309057,0.5547383650831927,combat
76561199190946882,0.6514589182467341,0.34345153391536226,0.00508954783790367,1693.8583333333333,893.0083333333333,13.233333333333333,19.0,10.0,4.0,2600.1,33.0,78.79090909090908,3,0.9710814249198068,0.6514589182467341,0.34345153391536226,0.3080073843313718,combat
76561199200882691,0.47661919703918254,0.3478960495615094,0.17548475339930808,164.55277777777778,120.11111111111111,60.586111111111116,30.666666666666668,19.666666666666668,6.666666666666666,345.25,57.0,6.057017543859649,3,1.480058485210765,0.47661919703918254,0.3478960495615094,0.12872314747767316,combat
76561199202516265,0.7795782589084348,0.19405728461885433,0.026364456472710872,384.0722222222222,95.60555555555555,12.988888888888889,18.833333333333332,12.833333333333334,4.333333333333333,492.66666666666663,36.0,13.685185185185183,3,0.8773716132307258,0.7795782589084348,0.19405728461885433,0.5855209742895805,combat
76561199208519382,0.7264939215396421,0.26328497314496097,0.010221105315397125,1720.0833333333333,623.3666666666667,24.2,61.5,36.0,7.5,2367.6499999999996,105.0,22.549047619047617,3,0.9093856466932022,0.7264939215396421,0.26328497314496097,0.46320894839468113,combat
76561199218099483,0.1322590154269431,0.0064852117519897815,0.8612557728210671,22.433333333333334,1.1,146.08333333333334,2.0,1.0,4.0,169.61666666666667,7.0,24.23095238095238,3,0.6187336091663912,0.8612557728210671,0.1322590154269431,0.7289967573941241,puzzle
76561199229443002,0.6758183638389905,0.31365340662246655,0.010528229538542907,795.0777777777778,369.0027777777778,12.386111111111111,17.833333333333332,14.833333333333334,3.3333333333333335,1176.4666666666667,36.0,32.67962962962963,3,0.9758671559070213,0.6758183638389905,0.31365340662246655,0.362164957216524,combat
76561199241211928,0.767722264815288,0.2031724735213107,0.0291052616634012,600.8194444444445,159.00277777777777,22.77777777777778,17.333333333333332,5.333333333333333,1.3333333333333333,782.6,23.999999999999996,32.60833333333334,3,0.9084166453470583,0.767722264815288,0.2031724735213107,0.5645497912939773,combat
76561199241372813,0.5614593204277786,0.3190740490050088,0.11946663056721268,138.25,78.56666666666666,29.416666666666668,4.0,5.5,3.5,246.23333333333332,13.0,18.94102564102564,3,1.3596026180090939,0.5614593204277786,0.3190740490050088,0.24238527142276978,combat
76561199243141822,0.40019212838696916,0.3910519029186562,0.2087559686943746,236.06666666666666,230.67499999999998,123.14166666666667,3.5,5.0,2.5,589.8833333333333,11.0,53.625757575757575,3,1.53026594670139,0.40019212838696916,0.3910519029186562,0.009140225468312946,combat
76561199247350187,0.7934125755381312,0.1636867602257404,0.042900664236128455,264.775,54.625,14.316666666666666,10.0,8.0,1.0,333.71666666666664,19.0,17.564035087719297,3,0.8871623259847317,0.7934125755381312,0.1636867602257404,0.6297258153123908,combat
76561199278279123,0.15099095966620307,0.8004462216040799,0.048562818729717204,43.425,230.20833333333334,13.966666666666667,14.5,9.5,2.0,287.59999999999997,26.0,11.06153846153846,3,0.8807932194811433,0.8004462216040799,0.15099095966620307,0.6494552619378768,exploration
76561199296804744,0.574437659781869,0.4211758106343455,0.004386529583785473,1041.0916666666667,763.325,7.949999999999999,23.5,7.5,2.0,1812.3666666666668,33.0,54.92020202020203,3,1.0192000003973152,0.574437659781869,0.4211758106343455,0.1532618491475235,combat
76561199362913608,0.27781714049537976,0.43940601659138545,0.28277684291323474,104.5611111111111,165.37777777777777,106.42777777777778,8.0,13.0,5.0,376.3666666666667,26.0,14.475641025641027,3,1.549942158110626,0.43940601659138545,0.28277684291323474,0.1566291736781507,exploration
76561199365885214,0.9108675833776494,0.06334042391552076,0.025791992706829747,399.65833333333336,27.791666666666664,11.316666666666666,19.5,3.5,2.0,438.7666666666667,25.0,17.550666666666668,3,0.5109255208719383,0.9108675833776494,0.06334042391552076,0.8475271594621286,combat
76561199373012529,0.6880928364125434,0.2973472782614851,0.014559885325971543,1296.0916666666667,560.0833333333334,27.425,20.5,28.5,5.0,1883.6000000000001,54.0,34.88148148148149,3,0.9802400110807521,0.6880928364125434,0.2973472782614851,0.39074555815105827,combat
76561199375671370,0.3672391584370975,0.6071489909832546,0.025611850579647915,142.55,235.675,9.941666666666666,20.5,20.0,3.5,388.1666666666667,44.0,8.821969696969697,3,1.1032209409094962,0.6071489909832546,0.3672391584370975,0.2399098325461571,exploration
76561199377104400,0.476635602890833,0.5123383415747432,0.011026055534423734,835.3833333333333,897.9583333333334,19.325,24.0,29.0,4.0,1752.6666666666667,57.0,30.748538011695906,3,1.0755649854044564,0.5123383415747432,0.476635602890833,0.03570273868391022,exploration
76561199378979916,0.4512333107037792,0.45462774383344656,0.0941389454627744,22.155555555555555,22.322222222222223,4.622222222222223,4.833333333333333,4.333333333333333,1.8333333333333333,49.099999999999994,11.0,4.463636363636363,3,1.355988110873122,0.45462774383344656,0.4512333107037792,0.0033944331296673624,exploration
76561199379291170,0.6170368183607352,0.2293085959972144,0.15365458564205045,452.8638888888889,168.29722222222222,112.77222222222221,13.333333333333334,2.333333333333333,3.333333333333333,733.9333333333333,19.0,38.628070175438594,3,1.3322190996242218,0.6170368183607352,0.2293085959972144,0.3877282223635208,combat
76561199386513701,0.33636795315679074,0.44751051110545065,0.21612153573775852,594.2444444444444,790.5944444444444,381.81111111111113,12.333333333333334,53.833333333333336,55.833333333333336,1766.65,122.0,14.480737704918033,3,1.5254948260133083,0.44751051110545065,0.33636795315679074,0.1111425579486599,exploration
76561199387354949,0.7189824784651526,0.26555566431741057,0.0154618572174367,1469.025,542.5833333333334,31.59166666666667,13.833333333333334,12.833333333333334,3.333333333333333,2043.2000000000003,30.0,68.10666666666667,3,0.9432055243654597,0.7189824784651526,0.26555566431741057,0.45342681414774205,combat
76561199404118052,0.5210322560900966,0.4708654670094259,0.008102276900477413,567.5083333333333,512.8666666666667,8.825,16.0,18.5,2.5,1089.2,37.0,29.43783783783784,3,1.0579985442395632,0.5210322560900966,0.4708654670094259,0.05016678908067074,combat
76561199404580646,0.5366177460126939,0.288540927855675,0.17484132613163111,163.92777777777778,88.14444444444445,53.41111111111111,30.166666666666668,13.666666666666666,9.166666666666666,305.48333333333335,53.0,5.763836477987422,3,1.4391785209776549,0.5366177460126939,0.288540927855675,0.24807681815701887,combat
76561199407033309,0.6126714833041117,0.3738667773420406,0.013461739353847807,2411.1277777777777,1471.3277777777778,52.97777777777778,115.33333333333333,56.833333333333336,10.833333333333334,3935.433333333333,183.0,21.50510018214936,3,1.0473775473932891,0.6126714833041117,0.3738667773420406,0.2388047059620711,combat
76561199437584070,0.2273757241637077,0.7590520463464774,0.013572229489814987,162.225,541.5583333333334,9.683333333333334,21.0,16.0,2.0,713.4666666666667,39.0,18.294017094017097,3,0.8719562446614952,0.7590520463464774,0.2273757241637077,0.5316763221827697,exploration
76561199442723717,0.16861564316224353,0.6285624256004482,0.2028219312373083,40.13333333333333,149.60833333333335,48.275,4.333333333333333,7.333333333333333,2.3333333333333335,238.01666666666668,14.0,17.001190476190477,3,1.3209315343017,0.6285624256004482,0.2028219312373083,0.4257404943631399,exploration
76561199467345363,0.6741820362434365,0.26141200216466043,0.064405961591903,768.2416666666667,297.8833333333333,73.39166666666667,80.0,27.0,9.0,1139.5166666666667,116.0,9.823419540229885,3,1.1442903371999544,0.6741820362434365,0.26141200216466043,0.4127700340787761,combat
76561199471848888,0.9118780465372941,0.07014623379012232,0.017975719672583466,1652.475,127.11666666666667,32.575,13.5,13.0,6.5,1812.1666666666667,33.0,54.91414141414142,3,0.4944839687638214,0.9118780465372941,0.07014623379012232,0.8417318127471718,combat
76561199479872927,0.6157388259299088,0.3340984917418038,0.050162682328287425,248.12222222222223,134.63055555555553,20.21388888888889,12.666666666666666,9.166666666666666,3.1666666666666665,402.96666666666664,25.0,16.118666666666666,3,1.1757696132315498,0.6157388259299088,0.3340984917418038,0.281640334188105,combat
76561199495383172,0.44657936905850326,0.5040748714621367,0.04934575947936022,252.36944444444444,284.8611111111111,27.886111111111113,11.833333333333334,11.833333333333334,4.333333333333333,565.1166666666666,28.0,20.18273809523809,3,1.2317556136372994,0.5040748714621367,0.44657936905850326,0.057495502403633436,exploration
76561199496950080,0.7133317173675918,0.2583686825839292,0.02829960004847897,490.475,177.65,19.458333333333332,34.5,16.5,3.0,687.5833333333334,54.0,12.733024691358025,3,0.9976567597721403,0.7133317173675918,0.2583686825839292,0.4549630347836626,combat
76561199500580493,0.033781828703703706,0.03154968584656085,0.9346684854497354,9.080555555555556,8.480555555555556,251.23888888888888,3.5,3.0,4.5,268.8,11.0,24.436363636363637,3,0.4135316322144603,0.9346684854497354,0.033781828703703706,0.9008866567460316,puzzle
76561199508593287,0.41174794365043915,0.5867004894298049,0.0015515669197558434,983.3638888888889,1401.197222222222,3.7055555555555557,25.333333333333332,21.833333333333332,1.8333333333333333,2388.266666666667,49.0,48.740136054421775,3,0.9929362730043666,0.5867004894298049,0.41174794365043915,0.17495254577936575,exploration
76561199518971381,0.2010200364298725,0.4284517304189435,0.370528233151184,15.32777777777778,32.669444444444444,28.25277777777778,14.333333333333334,19.333333333333332,9.333333333333334,76.25,43.0,1.7732558139534884,3,1.519911655329364,0.4284517304189435,0.370528233151184,0.05792349726775953,exploration
76561199520350248,0.8731221111076278,0.10985628250276044,0.017021606389611657,2785.172222222222,350.43055555555554,54.297222222222224,22.333333333333332,15.333333333333334,7.333333333333333,3189.9,45.0,70.88666666666667,3,0.6209725217680764,0.8731221111076278,0.10985628250276044,0.7632658286048674,combat
76561199520717226,0.49638965471970586,0.46369961927267955,0.03991072600761454,231.0611111111111,215.84444444444446,18.577777777777776,19.833333333333332,21.333333333333332,4.833333333333333,465.48333333333335,46.0,10.119202898550725,3,1.201168935974942,0.49638965471970586,0.46369961927267955,0.03269003544702631,combat
76561199528241120,0.6407568577015909,0.296488786314547,0.06275435598386216,606.1666666666666,280.48333333333335,59.36666666666667,34.0,20.5,3.5,946.0166666666667,58.0,16.310632183908044,3,1.1821390999093047,0.6407568577015909,0.296488786314547,0.34426807138704385,combat
76561199529390415,0.6074275543968716,0.3532287175373509,0.0393437280657776,403.8583333333333,234.85,26.15833333333333,18.5,24.5,4.0,664.8666666666666,47.0,14.146099290780139,3,1.1508283294135873,0.6074275543968716,0.3532287175373509,0.25419883685952066,combat
76561199546708875,0.9405265311690083,0.019983631155367616,0.03948983767562407,229.83333333333331,4.883333333333333,9.65,6.0,2.0,1.0,244.36666666666665,9.0,27.15185185185185,3,0.3801232313554691,0.9405265311690083,0.03948983767562407,0.9010366934933842,combat
76561199547030407,0.44878090390166075,0.5125413819496316,0.03867771414870759,540.7361111111111,617.5611111111111,46.60277777777778,48.833333333333336,42.333333333333336,9.833333333333334,1204.9,101.0,11.929702970297031,3,1.1944658524122684,0.5125413819496316,0.44878090390166075,0.06376047804797086,exploration
76561199552924653,0.5125674189663298,0.4707283866575902,0.016704194376080013,326.2833333333333,299.65,10.633333333333333,27.0,23.0,4.0,636.5666666666666,54.0,11.78827160493827,3,1.1045235418441894,0.5125674189663298,0.4707283866575902,0.04183903230873964,combat
76561199554677557,0.6752872009731045,0.2931544803351804,0.03155831869171509,832.7416666666667,361.5083333333333,38.916666666666664,36.5,18.5,4.0,1233.1666666666667,59.0,20.901129943502827,3,1.0588071188605759,0.6752872009731045,0.2931544803351804,0.3821327206379241,combat
76561199556464953,0.5448717948717948,0.43011392485402383,0.02501428027418126,572.3333333333334,451.7916666666667,26.275,15.5,17.5,3.0,1050.4,36.0,29.17777777777778,3,1.1339560833619091,0.5448717948717948,0.43011392485402383,0.11475787001777099,combat
76561199576303315,0.013843732527076564,0.9767959576715195,0.009360309801404048,11.141666666666667,786.1416666666665,7.533333333333333,3.0,5.0,2.0,804.8166666666665,10.0,80.48166666666665,3,0.18164601816829185,0.9767959576715195,0.013843732527076564,0.9629522251444429,exploration
76561199582998630,0.37591644996225143,0.5048569750859827,0.11922657495176578,373.44166666666666,501.53333333333336,118.44166666666666,40.166666666666664,44.666666666666664,14.166666666666666,993.4166666666667,99.0,10.034511784511785,3,1.394241649194873,0.5048569750859827,0.37591644996225143,0.12894052512373128,exploration
76561199588540862,0.3000926971988065,0.20276063845195677,0.49714666434923666,57.55277777777778,38.88611111111111,95.34444444444445,11.833333333333334,10.833333333333334,5.333333333333333,191.78333333333336,28.0,6.849404761904763,3,1.4891538268087974,0.49714666434923666,0.3000926971988065,0.19705396715043016,puzzle
76561199599816543,0.9460611112493469,0.040241110751698235,0.01369777799895494,1267.375,53.90833333333334,18.35,10.5,6.0,3.5,1339.6333333333332,20.0,66.98166666666665,3,0.3469929983211555,0.9460611112493469,0.040241110751698235,0.9058200004976487,combat
76561199614963063,0.5299761669953977,0.43423837113740954,0.035785461867192635,286.61111111111114,234.8361111111111,19.352777777777778,13.333333333333334,14.833333333333334,4.833333333333333,540.8000000000001,33.0,16.38787878787879,3,1.179969329436711,0.5299761669953977,0.43423837113740954,0.0957377958579882,combat
76561199623707095,0.7189913535801101,0.13549647681467122,0.14551216960521862,129.8138888888889,24.463888888888892,26.272222222222222,33.166666666666664,8.666666666666666,12.166666666666666,180.55,53.99999999999999,3.3435185185185192,3,1.1375726105716142,0.7189913535801101,0.14551216960521862,0.5734791839748915,combat
76561199634781575,0.5882534775888717,0.3250901597114889,0.08665636269963936,95.14999999999999,52.583333333333336,14.016666666666666,6.5,6.5,3.0,161.75,16.0,10.109375,3,1.2830734200801999,0.5882534775888717,0.3250901597114889,0.2631633178773828,combat
76561199641760688,0.6499252738815077,0.3356642397817175,0.014410486336774848,263.3388888888889,136.00555555555556,5.838888888888889,10.833333333333334,11.833333333333334,2.333333333333333,405.18333333333334,25.0,16.207333333333334,3,1.0208146771147544,0.6499252738815077,0.3356642397817175,0.31426103409979017,combat
76561199658816261,0.9007276210080909,0.08715012722646309,0.012122251765445863,1050.1583333333333,101.60833333333333,14.133333333333333,8.5,4.5,1.0,1165.9,14.0,83.27857142857144,3,0.5198351344214434,0.9007276210080909,0.08715012722646309,0.8135774937816278,combat
76561199668649371,0.13016678752719363,0.5630166787527193,0.30681653372008705,14.958333333333332,64.69999999999999,35.25833333333333,3.5,8.0,5.5,114.91666666666666,17.0,6.7598039215686265,3,1.3724793004128153,0.5630166787527193,0.30681653372008705,0.2562001450326323,exploration
76561199700302930,0.6971671969619214,0.16858257210304836,0.1342502309350303,113.20833333333333,27.375,21.8,10.0,4.0,2.0,162.38333333333333,16.0,10.148958333333333,3,1.184745252341617,0.6971671969619214,0.16858257210304836,0.528584624858873,combat
76561199700704584,0.27569702602230484,0.5904739776951673,0.1338289962825279,49.44166666666666,105.89166666666667,24.0,2.0,5.0,2.0,179.33333333333331,9.0,19.925925925925924,3,1.3495801738994788,0.5904739776951673,0.27569702602230484,0.31477695167286246,exploration
76561199731916506,0.7281070944890092,0.2610428169601,0.01085008855089072,1164.85,417.62499999999994,17.358333333333334,15.5,7.5,3.0,1599.8333333333333,26.0,61.53205128205128,3,0.9099277222421037,0.7281070944890092,0.2610428169601,0.4670642775289092,combat
76561199752564934,0.6007810059356451,0.36597938144329895,0.033239612621055924,160.25833333333333,97.625,8.866666666666667,3.0,7.0,2.0,266.75,12.0,22.229166666666668,3,1.1355963614943434,0.6007810059356451,0.36597938144329895,0.23480162449234615,combat
76561199752899195,0.6583570815925629,0.29054035359544034,0.051102564811996785,396.58333333333337,175.01666666666665,30.78333333333333,4.5,3.5,3.0,602.3833333333333,11.0,54.76212121212121,3,1.134369431366546,0.6583570815925629,0.29054035359544034,0.36781672799712256,combat
76561199761625258,0.051820543301193144,0.7692290758596397,0.178950380839167,6.538888888888889,97.06388888888888,22.580555555555556,3.3333333333333335,17.833333333333332,10.833333333333334,126.18333333333334,32.0,3.943229166666667,3,0.9566763010299061,0.7692290758596397,0.178950380839167,0.5902786950204727,exploration
76561199761815865,0.46736217457886686,0.4796771311893824,0.052960694231750906,122.07500000000002,125.29166666666667,13.833333333333336,21.5,15.5,6.0,261.2,43.0,6.074418604651163,3,1.2457668574918412,0.4796771311893824,0.46736217457886686,0.012314956610515515,exploration
76561199772628178,0.9997778894824826,0.0002221105175175058,0.0,1425.4,0.31666666666666665,0.0,5.5,0.5,0.0,1425.7166666666667,6.0,237.61944444444444,2,0.0030160319385115018,0.9997778894824826,0.0002221105175175058,0.9995557789649651,combat
76561199779951007,0.4742371094672943,0.5158734846694898,0.009889405863215862,1739.5333333333333,1892.2583333333332,36.275,39.666666666666664,37.666666666666664,6.666666666666667,3668.0666666666666,84.0,43.66746031746032,3,1.0689062854475238,0.5158734846694898,0.4742371094672943,0.041636375202195486,exploration
76561199784819245,0.26736224323443103,0.5174437561134659,0.21519400065210303,13.666666666666666,26.450000000000003,11.0,6.5,3.5,3.0,51.11666666666667,13.0,3.9320512820512823,3,1.4776018610596058,0.5174437561134659,0.26736224323443103,0.2500815128790349,exploration
76561199790173584,0.33549528301886794,0.11124213836477988,0.5532625786163522,14.225,4.716666666666667,23.458333333333332,4.833333333333333,3.833333333333333,4.333333333333333,42.4,13.0,3.2615384615384615,3,1.3535245929406121,0.5532625786163522,0.33549528301886794,0.21776729559748426,puzzle
76561199790956354,0.21421693885864532,0.6142280487353257,0.17155501240602894,32.13611111111111,92.14444444444445,25.73611111111111,7.333333333333333,8.333333333333334,6.333333333333333,150.01666666666668,22.0,6.818939393939394,3,1.3443784875244462,0.6142280487353257,0.21421693885864532,0.4000111098766803,exploration
76561199793639791,0.8278347487701608,0.15760297608849946,0.014562275141339728,563.7416666666667,107.325,9.916666666666666,14.5,6.0,1.5,680.9833333333333,22.0,30.953787878787878,3,0.7346207919606718,0.8278347487701608,0.15760297608849946,0.6702317726816613,combat
76561199797501568,0.8312278089565914,0.16441988317489403,0.004352307868514488,1209.575,239.25833333333333,6.333333333333333,8.5,4.5,1.0,1455.1666666666667,14.0,103.94047619047619,3,0.6840535292136987,0.8312278089565914,0.16441988317489403,0.6668079257816975,combat
76561199814229495,0.22898174927695225,0.7491772215019448,0.021841029221103023,38.266666666666666,125.19999999999999,3.65,4.0,5.0,1.0,167.11666666666665,10.0,16.711666666666666,3,0.91959038411704,0.7491772215019448,0.22898174927695225,0.5201954722249925,exploration
76561199820702836,0.784024622127687,0.12159592639144028,0.09437945148087272,270.30555555555554,41.922222222222224,32.538888888888884,13.166666666666666,12.666666666666666,4.166666666666666,344.76666666666665,30.0,11.492222222222221,3,0.9662450341677429,0.784024622127687,0.12159592639144028,0.6624286957362467,combat
76561199821666213,0.4274727875059157,0.5483571090528023,0.024170103441281857,210.75833333333333,270.35833333333335,11.916666666666666,10.333333333333334,6.333333333333333,2.3333333333333335,493.03333333333336,19.0,25.949122807017545,3,1.1292539319801345,0.5483571090528023,0.4274727875059157,0.12088432154688661,exploration
76561199823240584,0.27252378287632906,0.23335198656966985,0.4941242305540012,8.116666666666667,6.95,14.716666666666667,1.8333333333333333,0.8333333333333333,2.3333333333333335,29.78333333333333,5.0,5.956666666666666,3,1.5035859566049372,0.4941242305540012,0.27252378287632906,0.22160044767767212,puzzle
76561199823480966,0.9669482188762395,0.0015607785530664707,0.031491002570694086,351.06666666666666,0.5666666666666667,11.433333333333334,4.0,1.0,2.0,363.06666666666666,7.0,51.86666666666667,3,0.2185447278980317,0.9669482188762395,0.031491002570694086,0.9354572163055455,combat
76561199825432400,0.08186512758201701,0.8201484117340739,0.09798646068390904,31.441666666666666,314.9916666666667,37.63333333333333,7.0,11.0,3.0,384.06666666666666,21.0,18.288888888888888,3,0.8585600617647465,0.8201484117340739,0.09798646068390904,0.7221619510501649,exploration
76561199825489062,0.27476941386492115,0.5479767926212437,0.1772537935138352,30.783333333333335,61.391666666666666,19.858333333333334,7.5,8.0,3.5,112.03333333333333,19.0,5.896491228070175,3,1.4300763883693146,0.5479767926212437,0.27476941386492115,0.2732073787563225,exploration
76561199829157304,0.37678493210687686,0.5156373193166885,0.10757774857643448,71.68333333333334,98.10000000000001,20.466666666666665,4.0,4.0,1.0,190.25000000000003,9.0,21.138888888888893,3,1.3693408923346935,0.5156373193166885,0.37678493210687686,0.1388523872098117,exploration
76561199841741820,0.33609733164737543,0.6396427066109004,0.024259961741724213,115.18055555555556,219.20555555555555,8.313888888888888,11.333333333333334,6.833333333333333,2.833333333333333,342.7,21.0,16.31904761904762,3,1.0712122720766761,0.6396427066109004,0.33609733164737543,0.30354537496352496,exploration
76561199842536358,0.8441253861114288,0.06972886397437364,0.08614574991419746,122.975,10.158333333333333,12.55,8.0,3.0,2.0,145.68333333333334,13.0,11.206410256410257,3,0.7789733903130465,0.8441253861114288,0.08614574991419746,0.7579796361972314,combat
76561199843251769,0.6592331680613824,0.2894353083705382,0.05133152356807933,489.73333333333335,215.01666666666668,38.13333333333333,26.0,25.5,6.5,742.8833333333333,58.0,12.808333333333334,3,1.133904980464924,0.6592331680613824,0.2894353083705382,0.3697978596908442,combat
76561199843879700,0.45582408874801905,0.19938589540412044,0.34479001584786056,38.35,16.775,29.008333333333333,9.0,1.5,2.5,84.13333333333333,13.0,6.471794871794871,3,1.5101684555999166,0.45582408874801905,0.34479001584786056,0.11103407290015849,combat
76561199848161678,0.817440081591025,0.14793836963648282,0.03462154877249217,374.03333333333336,67.69166666666666,15.841666666666669,14.0,4.5,3.5,457.5666666666667,22.0,20.79848484848485,3,0.8135701165982687,0.817440081591025,0.14793836963648282,0.6695017119545421,combat
76561199850854007,0.12726048480184685,0.7711980569449788,0.10154145825317429,88.2,534.4916666666667,70.375,9.0,13.5,7.5,693.0666666666667,30.0,23.102222222222224,3,1.0026290750992697,0.7711980569449788,0.12726048480184685,0.643937572143132,exploration
76561199861637002,0.6879256965944271,0.2900584795321637,0.02201582387340901,166.65,70.26666666666667,5.333333333333333,10.0,5.0,2.0,242.25000000000003,17.0,14.250000000000002,3,1.0103844600447442,0.6879256965944271,0.2900584795321637,0.39786721706226347,combat
76561199863834687,0.6212361521639872,0.26947708648739577,0.109286761348617,287.2388888888889,124.59722222222221,50.53055555555555,20.666666666666668,7.166666666666666,5.166666666666666,462.3666666666667,33.0,14.011111111111111,3,1.28548502543292,0.6212361521639872,0.26947708648739577,0.35175906567659143,combat
76561199864592327,0.6691892832289492,0.25817675713291577,0.072633959638135,192.32500000000002,74.2,20.875,8.833333333333334,8.333333333333334,3.8333333333333335,287.40000000000003,21.0,13.685714285714287,3,1.1669601595002288,0.6691892832289492,0.25817675713291577,0.41101252609603345,combat
76561199866204492,0.31285424116373545,0.6498698581819066,0.03727590065435792,285.8027777777778,593.6777777777778,34.05277777777778,12.666666666666666,21.166666666666668,7.166666666666666,913.5333333333334,41.0,22.281300813008134,3,1.1054518583220558,0.6498698581819066,0.31285424116373545,0.3370156170181711,exploration
76561199881145326,0.9108234087158215,0.06191177126544449,0.02726482001873411,680.6583333333333,46.266666666666666,20.375,33.5,7.0,4.5,747.3,45.0,16.606666666666666,3,0.5129215339029215,0.9108234087158215,0.06191177126544449,0.848911637450377,combat
76561199884201587,0.18121387283236995,0.38005780346820806,0.43872832369942194,5.2250000000000005,10.958333333333334,12.65,2.5,4.0,1.5,28.833333333333336,8.0,3.604166666666667,3,1.4984762930605566,0.43872832369942194,0.38005780346820806,0.058670520231213885,puzzle
76561199887336948,0.511861009021049,0.10491146007350485,0.38322753090544603,25.53333333333333,5.233333333333333,19.116666666666667,2.5,2.0,2.5,49.88333333333333,7.0,7.126190476190476,3,1.3660814131301904,0.511861009021049,0.38322753090544603,0.128633478115603,combat
