steamid,hours_exploration_rpg,games_exploration_rpg,hours_exploration_open_world,games_exploration_open_world,hours_exploration_adventure,games_exploration_adventure,total_playtime,num_games,avg_playtime_per_game,exploration_rpg,exploration_open_world,exploration_adventure,diversity,entropy,dominance,second_max,gap,target
76561197964163072,506.85,35,5903.383333333333,60,425.5166666666667,27,6835.75,122,56.03073770491803,0.07414694803057456,0.8636043350522377,0.06224871691718783,3,0.7103669934150081,0.8636043350522377,0.07414694803057456,0.7894573870216631,exploration_open_world
76561197970087759,4823.533333333334,37,1099.05,27,89.16666666666667,7,6011.750000000001,71,84.67253521126761,0.8023509516086552,0.1828169834074936,0.014832064983851067,3,0.7931904035941186,0.8023509516086552,0.1828169834074936,0.6195339682011616,exploration_rpg
76561197993572531,5890.55,455,5689.383333333333,443,1463.2333333333333,205,13043.166666666668,1103,11.825173768510124,0.4516196220243039,0.4361964758046997,0.1121839021709963,3,1.394091142645212,0.4516196220243039,0.4361964758046997,0.015423146219604167,exploration_rpg
76561198002012416,665.8833333333333,17,253.78333333333333,29,128.26666666666665,7,1047.9333333333334,53,19.772327044025158,0.6354252815064572,0.24217507475030217,0.12239964374324064,3,1.2820705243471202,0.6354252815064572,0.24217507475030217,0.39325020675615496,exploration_rpg
76561198009405343,384.15,18,607.0833333333334,22,173.96666666666667,30,1165.2,70,16.645714285714288,0.32968589083419153,0.5210121295342717,0.1493019796315368,3,1.4274819012393354,0.5210121295342717,0.32968589083419153,0.19132623870008014,exploration_open_world
76561198016136462,0.0,0,812.3166666666666,15,69.78333333333333,2,882.0999999999999,17,51.88823529411764,0.0,0.9208895438914712,0.07911045610852889,2,0.39903704544317253,0.9208895438914712,0.07911045610852889,0.8417790877829423,exploration_open_world
76561198021094241,141.95,45,2148.2833333333333,99,94.58333333333333,26,2384.8166666666666,170,14.028333333333332,0.05952239515266722,0.900816974051115,0.03966063079621774,3,0.5626949391743603,0.900816974051115,0.05952239515266722,0.8412945788984478,exploration_open_world
76561198054080295,926.1166666666667,11,2664.7166666666667,35,89.26666666666667,11,3680.1000000000004,57,64.56315789473685,0.2516552992219414,0.724088113547639,0.02425658723041946,3,0.9683161685183426,0.724088113547639,0.2516552992219414,0.4724328143256976,exploration_open_world
76561198057419230,104.66666666666666,13,98.81666666666666,15,26.55,6,230.03333333333333,34,6.765686274509804,0.45500652079408777,0.4295754238516157,0.11541805535429649,3,1.4000996649622477,0.45500652079408777,0.4295754238516157,0.025431096942472087,exploration_rpg
76561198067629039,1667.7333333333333,70,973.0833333333334,30,105.03333333333333,12,2745.85,112,24.516517857142855,0.60736505392987,0.354383281436835,0.038251664633295095,3,1.1473945103481895,0.60736505392987,0.354383281436835,0.25298177249303494,exploration_rpg
76561198070677644,617.5666666666666,142,2238.4166666666665,144,207.0,75,3062.983333333333,361,8.48471837488458,0.2016226010588805,0.7307962280782897,0.06758117086282982,3,1.0591619380188166,0.7307962280782897,0.2016226010588805,0.5291736270194092,exploration_open_world
76561198079201794,108.25,16,888.05,29,46.150000000000006,7,1042.45,52,20.047115384615385,0.10384191088301596,0.8518873806897213,0.0442707084272627,3,0.7354272519190816,0.8518873806897213,0.10384191088301596,0.7480454698067053,exploration_open_world
76561198090208789,6253.733333333334,43,13008.416666666668,22,54.016666666666666,5,19316.166666666668,70,275.9452380952381,0.3237564389069605,0.6734471125223259,0.002796448570713651,3,0.9345875630093653,0.6734471125223259,0.3237564389069605,0.34969067361536543,exploration_open_world
76561198090781234,824.9833333333333,17,1300.75,26,51.13333333333333,6,2176.866666666667,49,44.42585034013606,0.37897742933267997,0.5975331516246593,0.023489419042660702,3,1.1015327888149433,0.5975331516246593,0.37897742933267997,0.21855572229197928,exploration_open_world
76561198110543020,186.8,19,1213.9666666666667,27,3.95,4,1404.7166666666667,50,28.094333333333335,0.1329805536110485,0.86420749142769,0.0028119549612614643,3,0.5928564959981176,0.86420749142769,0.1329805536110485,0.7312269378166416,exploration_open_world
76561198111573586,19.383333333333333,6,69.91666666666667,10,49.983333333333334,6,139.28333333333336,22,6.331060606060607,0.1391647720473854,0.5019743927246619,0.35886083522795253,3,1.4256398012401477,0.5019743927246619,0.35886083522795253,0.1431135574967094,exploration_open_world
76561198119630343,713.85,15,1831.0833333333333,19,21.166666666666668,2,2566.1,36,71.28055555555555,0.2781847940454386,0.7135666315939883,0.008248574360573115,3,0.9180119471629369,0.7135666315939883,0.2781847940454386,0.43538183754854964,exploration_open_world
76561198149690895,4308.033333333333,23,1939.7833333333333,37,47.016666666666666,7,6294.833333333332,67,93.95273631840794,0.68437607561757,0.3081548359765946,0.007469088405835475,3,0.9505476216171361,0.68437607561757,0.3081548359765946,0.37622123964097537,exploration_rpg
76561198151033409,1647.3666666666668,20,283.75,8,48.15,6,1979.2666666666669,34,58.21372549019608,0.8323116305702448,0.1433611775405032,0.02432719188925191,3,0.7525619973335784,0.8323116305702448,0.1433611775405032,0.6889504530297417,exploration_rpg
76561198192648407,54.18333333333333,2,384.31666666666666,5,2.666666666666667,2,441.1666666666667,9,49.01851851851852,0.12281828485077445,0.8711371363808084,0.006044578768417077,3,0.5895050776480759,0.8711371363808084,0.12281828485077445,0.7483188515300339,exploration_open_world
76561198208272697,2858.7333333333336,26,1228.05,23,347.41666666666663,9,4434.200000000001,58,76.45172413793105,0.6447010358877211,0.27694961887149877,0.07834934524077998,3,1.2091331797294036,0.6447010358877211,0.27694961887149877,0.3677514170162223,exploration_rpg
76561198215471111,492.2833333333333,20,6415.366666666666,81,10.533333333333333,7,6918.183333333333,108,64.05725308641975,0.07115789067939318,0.9273195516163925,0.0015225577042142567,3,0.386512586968846,0.9273195516163925,0.07115789067939318,0.8561616609369993,exploration_open_world
76561198217774529,13.766666666666666,4,1042.1,44,31.416666666666664,5,1087.2833333333333,53,20.514779874213836,0.012661526434385395,0.9584438278890813,0.028894645676533253,3,0.28624016500198146,0.9584438278890813,0.028894645676533253,0.9295491822125481,exploration_open_world
76561198234335792,669.2666666666667,32,1539.1499999999999,47,126.23333333333333,17,2334.6499999999996,96,24.31927083333333,0.2866668094432428,0.6592637011971816,0.05406948935957568,3,1.1405781471379601,0.6592637011971816,0.2866668094432428,0.3725968917539388,exploration_open_world
76561198249570110,247.78333333333336,12,21.05,6,47.11666666666667,10,315.95000000000005,28,11.283928571428573,0.7842485625362663,0.0666244658965026,0.1491269715672311,3,0.9447375630762289,0.7842485625362663,0.1491269715672311,0.6351215909690352,exploration_rpg
76561198261188424,1061.4666666666667,19,3379.4833333333336,52,160.15,17,4601.1,88,52.285227272727276,0.23069845616627907,0.734494649830113,0.034806894003607834,3,0.9837403018399367,0.734494649830113,0.23069845616627907,0.503796193663834,exploration_open_world
76561198262757188,491.45,11,3459.516666666667,45,42.300000000000004,6,3993.266666666667,62,64.40752688172043,0.12306966727324328,0.8663375014607924,0.010592831265964374,3,0.6208003087065938,0.8663375014607924,0.12306966727324328,0.743267834187549,exploration_open_world
76561198271859829,106.98333333333333,4,2327.3,52,59.63333333333333,11,2493.9166666666665,67,37.222636815920396,0.04289771777993117,0.9331907641928694,0.02391151802719952,3,0.4167648874026908,0.9331907641928694,0.04289771777993117,0.8902930464129383,exploration_open_world
76561198273281065,215.46666666666667,7,888.65,30,10.966666666666665,5,1115.0833333333333,42,26.549603174603174,0.19322920559001572,0.7969359539645767,0.009834840445407667,3,0.7848109116681176,0.7969359539645767,0.19322920559001572,0.6037067483745611,exploration_open_world
76561198294701020,480.23333333333335,36,1245.8333333333333,63,93.03333333333333,17,1819.1,116,15.681896551724137,0.2639950158503289,0.6848624777820533,0.05114250636761769,3,1.1006247074783633,0.6848624777820533,0.2639950158503289,0.4208674619317244,exploration_open_world
76561198301672671,189.71666666666664,21,1190.3166666666666,89,53.516666666666666,20,1433.55,130,11.027307692307692,0.1323404601629986,0.8303279736783974,0.03733156615860393,3,0.7859399171497233,0.8303279736783974,0.1323404601629986,0.6979875135153988,exploration_open_world
76561198318128729,9.866666666666667,3,0.16666666666666666,1,1.6333333333333333,2,11.666666666666666,6,1.9444444444444444,0.8457142857142858,0.014285714285714285,0.14,3,0.6891293430830399,0.8457142857142858,0.14,0.7057142857142857,exploration_rpg
76561198321959737,258.9,58,414.55,30,81.19999999999999,27,754.6500000000001,115,6.562173913043479,0.34307294772411046,0.5493275028158748,0.10759954946001454,3,1.350333506375806,0.5493275028158748,0.34307294772411046,0.20625455509176438,exploration_open_world
76561198348540244,0.0,0,15.066666666666666,1,0.0,0,15.066666666666666,1,15.066666666666666,0.0,1.0,0.0,1,-0.0,1.0,0.0,1.0,exploration_open_world
76561198351063966,881.5333333333333,18,2122.8166666666666,40,107.15,8,3111.5,66,47.14393939393939,0.2833145856767904,0.6822486474904922,0.03443676683271734,3,1.0592060722650418,0.6822486474904922,0.2833145856767904,0.3989340618137018,exploration_open_world
76561198389287631,2.3166666666666664,2,159.03333333333333,12,9.516666666666666,3,170.86666666666667,17,10.050980392156863,0.01355833008193523,0.9307452204447912,0.0556964494732735,3,0.4125425755883988,0.9307452204447912,0.0556964494732735,0.8750487709715178,exploration_open_world
76561198402634405,0.0,0,54.55,1,0.23333333333333334,1,54.78333333333333,2,27.391666666666666,0.0,0.9957407970794037,0.0042592029205962886,2,0.03967370481431779,0.9957407970794037,0.0042592029205962886,0.9914815941588073,exploration_open_world
76561198402842854,805.65,7,4170.383333333333,43,137.23333333333335,9,5113.266666666666,59,86.66553672316384,0.1575607243901485,0.8156005945318714,0.02683868107798016,3,0.7999855060363652,0.8156005945318714,0.1575607243901485,0.6580398701417229,exploration_open_world
76561198408630774,612.25,19,916.15,40,25.683333333333334,4,1554.0833333333335,63,24.66798941798942,0.3939621427422382,0.5895115019572095,0.016526355300552308,3,1.0767036434346386,0.5895115019572095,0.3939621427422382,0.1955493592149713,exploration_open_world
76561198416904447,2.8,2,86.68333333333334,4,11.633333333333333,2,101.11666666666667,8,12.639583333333334,0.02769078622053733,0.8572605900774682,0.11504862370199438,3,0.6926783806473871,0.8572605900774682,0.11504862370199438,0.7422119663754738,exploration_open_world
76561198419798999,30.75,7,1049.3,65,86.05,10,1166.1,82,14.220731707317071,0.026369951119115,0.8998370637166624,0.07379298516422263,3,0.5528115492011128,0.8998370637166624,0.07379298516422263,0.8260440785524398,exploration_open_world
76561198438689701,378.73333333333335,3,592.6333333333333,20,51.3,4,1022.6666666666666,27,37.876543209876544,0.3703389830508475,0.5794980443285528,0.05016297262059974,3,1.2034282620796213,0.5794980443285528,0.3703389830508475,0.20915906127770528,exploration_open_world
76561198439497587,221.68333333333334,21,137.0,23,32.25,25,390.93333333333334,69,5.665700483091787,0.5670617326057299,0.35044338335607095,0.08249488403819918,3,1.2911726255291414,0.5670617326057299,0.35044338335607095,0.21661834924965895,exploration_rpg
76561198443835056,1.9333333333333333,1,126.8,5,59.483333333333334,1,188.21666666666664,7,26.888095238095236,0.010271849818471622,0.673691667404587,0.3160364827769415,3,0.9769445457165278,0.673691667404587,0.3160364827769415,0.35765518462764545,exploration_open_world
76561198448604074,313.31666666666666,15,991.4499999999999,30,115.03333333333333,19,1419.8,64,22.184375,0.22067662112034558,0.6983025778278631,0.08102080105179134,3,1.1365935266901313,0.6983025778278631,0.22067662112034558,0.4776259567075175,exploration_open_world
76561198681768628,0.0,0,1.5999999999999999,2,0.0,0,1.5999999999999999,2,0.7999999999999999,0.0,1.0,0.0,1,-0.0,1.0,0.0,1.0,exploration_open_world
76561198688946192,6.983333333333333,1,22.933333333333334,2,0.0,0,29.916666666666668,3,9.972222222222223,0.23342618384401115,0.7665738161559889,0.0,2,0.7839362634234415,0.7665738161559889,0.23342618384401115,0.5331476323119777,exploration_open_world
76561198698268684,0.0,0,3.4499999999999997,4,0.0,0,3.4499999999999997,4,0.8624999999999999,0.0,1.0,0.0,1,-0.0,1.0,0.0,1.0,exploration_open_world
76561198722267029,64.86666666666667,2,6.866666666666667,2,0.0,0,71.73333333333335,4,17.933333333333337,0.9042750929368029,0.09572490706319702,0.0,2,0.455295487815088,0.9042750929368029,0.09572490706319702,0.8085501858736058,exploration_rpg
76561198722776476,0.0,0,3.433333333333333,1,0.0,0,3.433333333333333,1,3.433333333333333,0.0,1.0,0.0,1,-0.0,1.0,0.0,1.0,exploration_open_world
76561198734942039,0.0,0,0.0,0,5.75,1,5.75,1,5.75,0.0,0.0,1.0,1,-0.0,1.0,0.0,1.0,exploration_adventure
76561198735263241,8.583333333333334,3,100.78333333333333,9,33.46666666666667,5,142.83333333333331,17,8.401960784313724,0.06009334889148193,0.705600933488915,0.2343057176196033,3,1.0892758063627053,0.705600933488915,0.2343057176196033,0.47129521586931167,exploration_open_world
76561198743664500,0.0,0,0.43333333333333335,1,0.8333333333333334,1,1.2666666666666666,2,0.6333333333333333,0.0,0.34210526315789475,0.6578947368421053,2,0.9268190639645772,0.6578947368421053,0.34210526315789475,0.31578947368421056,exploration_adventure
76561198750649660,6.466666666666667,4,265.6,17,33.266666666666666,4,305.3333333333333,25,12.213333333333333,0.021179039301310047,0.8698689956331879,0.10895196506550218,3,0.641192068636123,0.8698689956331879,0.10895196506550218,0.7609170305676857,exploration_open_world
76561198768578988,0.0,0,0.0,0,0.7166666666666667,1,0.7166666666666667,1,0.7166666666666667,0.0,0.0,1.0,1,-0.0,1.0,0.0,1.0,exploration_adventure
76561198772435366,0.0,0,0.18333333333333332,1,0.0,0,0.18333333333333332,1,0.18333333333333332,0.0,1.0,0.0,1,-0.0,1.0,0.0,1.0,exploration_open_world
76561198783881312,0.0,0,19.766666666666666,2,0.0,0,19.766666666666666,2,9.883333333333333,0.0,1.0,0.0,1,-0.0,1.0,0.0,1.0,exploration_open_world
76561198784632981,0.0,0,37.96666666666667,3,2.3666666666666667,1,40.333333333333336,4,10.083333333333334,0.0,0.9413223140495868,0.05867768595041322,2,0.3221733076988397,0.9413223140495868,0.05867768595041322,0.8826446280991735,exploration_open_world
76561198799814214,291.6166666666667,8,997.6833333333333,32,55.9,8,1345.2,48,28.025000000000002,0.21678313014173853,0.7416617107741104,0.041555159084151055,3,0.9886226735482855,0.7416617107741104,0.21678313014173853,0.5248785806323718,exploration_open_world
76561198807861778,0.11666666666666667,1,422.75,15,6.316666666666666,3,429.18333333333334,19,22.58859649122807,0.00027183410352996,0.9850102908624908,0.014717875033979262,3,0.11425976216037964,0.9850102908624908,0.014717875033979262,0.9702924158285116,exploration_open_world
76561198813665474,2016.9833333333333,42,386.56666666666666,28,163.91666666666666,7,2567.4666666666667,77,33.343722943722945,0.7855928022434566,0.15056346073950977,0.06384373701703365,3,0.9381895311569793,0.7855928022434566,0.15056346073950977,0.6350293415039469,exploration_rpg
76561198814167257,85.1,6,435.75,12,48.38333333333333,3,569.2333333333333,21,27.106349206349208,0.14949932657961,0.7655033085436552,0.08499736487673479,3,1.007299928926743,0.7655033085436552,0.14949932657961,0.6160039819640453,exploration_open_world
76561198826956274,273.9,8,496.81666666666666,27,29.766666666666666,5,800.4833333333333,40,20.012083333333333,0.34216827333486016,0.6206458597930417,0.03718586687209811,3,1.1331120657694493,0.6206458597930417,0.34216827333486016,0.2784775864581815,exploration_open_world
76561198833154411,553.6166666666667,32,1653.1333333333334,47,91.05000000000001,8,2297.8,87,26.411494252873567,0.24093335654394057,0.7194417848956973,0.03962485856036209,3,1.0210287389099226,0.7194417848956973,0.24093335654394057,0.4785084283517568,exploration_open_world
76561198846653510,1001.0166666666667,34,3468.9000000000005,23,68.2,16,4538.116666666667,73,62.16598173515982,0.22057975591930573,0.7643919834586301,0.01502826062206422,3,0.8683062903601557,0.7643919834586301,0.22057975591930573,0.5438122275393245,exploration_open_world
76561198849962442,0.35,1,79.48333333333333,10,44.583333333333336,5,124.41666666666666,16,7.776041666666666,0.002813127930341594,0.6388479571332888,0.35833891493636977,3,0.9673819123959824,0.6388479571332888,0.35833891493636977,0.280509042196919,exploration_open_world
76561198849975124,182.4,30,914.8833333333333,52,162.26666666666665,36,1259.55,118,10.67415254237288,0.14481362391330238,0.7263572969182116,0.1288290791684861,3,1.1196120422460991,0.7263572969182116,0.14481362391330238,0.5815436730049093,exploration_open_world
76561198856202641,119.83333333333334,6,4970.866666666667,42,50.56666666666666,7,5141.266666666666,55,93.47757575757575,0.023308134182237844,0.9668564167066482,0.009835449111113993,3,0.23899606499993586,0.9668564167066482,0.023308134182237844,0.9435482825244104,exploration_open_world
76561198863254785,744.5166666666667,25,385.95,44,82.56666666666666,20,1213.0333333333333,89,13.629588014981273,0.6137643922947982,0.3181693275809953,0.06806628012420653,3,1.221784762537674,0.6137643922947982,0.3181693275809953,0.29559506471380287,exploration_rpg
76561198865761149,201.26666666666665,22,915.3166666666667,40,17.666666666666668,9,1134.2500000000002,71,15.97535211267606,0.1774447138343986,0.8069796488134596,0.015575637352141647,3,0.7858472630609086,0.8069796488134596,0.1774447138343986,0.629534934979061,exploration_open_world
76561198866375958,437.6,9,1232.0,30,93.06666666666666,10,1762.6666666666665,49,35.97278911564626,0.2482602118003026,0.6989409984871408,0.052798789712556735,3,1.0842484151310645,0.6989409984871408,0.2482602118003026,0.45068078668683814,exploration_open_world
76561198878881287,49.1,4,320.26666666666665,4,171.76666666666668,1,541.1333333333333,9,60.12592592592593,0.09073549340889492,0.5918442774424049,0.3174202291487003,3,1.2874981890172694,0.5918442774424049,0.3174202291487003,0.2744240482937046,exploration_open_world
76561198896959279,69.8,5,169.18333333333334,1,62.11666666666666,2,301.1,8,37.6375,0.23181667220192625,0.5618842023690911,0.20629912542898257,3,1.4259646618372384,0.5618842023690911,0.23181667220192625,0.33006753016716484,exploration_open_world
76561198902455098,1025.7333333333333,15,812.35,23,433.26666666666665,26,2271.3500000000004,64,35.489843750000006,0.4515963340450979,0.35765073634622574,0.19075292960867615,3,1.5044060504025827,0.4515963340450979,0.35765073634622574,0.09394559769887217,exploration_rpg
76561198970240859,28.783333333333335,5,77.83333333333333,8,4.233333333333333,1,110.85,14,7.917857142857143,0.2596602014734627,0.7021500526236656,0.038189745902871754,3,1.0432180925406984,0.7021500526236656,0.2596602014734627,0.4424898511502029,exploration_open_world
76561198978278981,1010.7833333333333,6,68.85,9,26.55,5,1106.1833333333332,20,55.309166666666655,0.9137575145771498,0.06224103900800049,0.024001446414849862,3,0.4973775408089462,0.9137575145771498,0.06224103900800049,0.8515164755691493,exploration_rpg
76561198979264617,307.5833333333333,5,291.28333333333336,4,28.933333333333334,1,627.8,10,62.779999999999994,0.4899384092598492,0.463974726558352,0.04608686418179888,3,1.2229390241279832,0.4899384092598492,0.463974726558352,0.025963682701497237,exploration_rpg
76561198992448737,645.3,33,72.53333333333333,11,101.2,14,819.0333333333333,58,14.121264367816092,0.7878800211631598,0.08855968418053803,0.12356029465630215,3,0.9534504226442815,0.7878800211631598,0.12356029465630215,0.6643197265068577,exploration_rpg
76561198994072114,601.3833333333333,9,1840.3333333333335,28,42.45,3,2484.1666666666665,40,62.104166666666664,0.24208654813820868,0.7408252264340827,0.017088225427708825,3,0.9163549925329235,0.7408252264340827,0.24208654813820868,0.498738678295874,exploration_open_world
76561198999925392,61.05,3,90.18333333333334,6,18.616666666666667,3,169.85000000000002,12,14.154166666666669,0.3594347954077126,0.5309586890393484,0.10960651555293885,3,1.3651369664821782,0.5309586890393484,0.3594347954077126,0.17152389363163578,exploration_open_world
76561199014331670,160.25,9,1453.85,46,146.3,16,1760.3999999999999,71,24.7943661971831,0.09103044762553966,0.8258634401272438,0.08310611224721655,3,0.8409569019940755,0.8258634401272438,0.09103044762553966,0.7348329925017041,exploration_open_world
76561199026156214,0.0,0,172.78333333333333,14,7.55,2,180.33333333333334,16,11.270833333333334,0.0,0.9581330868761552,0.04186691312384473,2,0.25078739681199563,0.9581330868761552,0.04186691312384473,0.9162661737523105,exploration_open_world
76561199033784787,1.9,3,998.0166666666667,20,26.8,2,1026.7166666666667,25,41.068666666666665,0.00185055922601172,0.972046815901823,0.026102624872165317,3,0.19384896151617528,0.972046815901823,0.026102624872165317,0.9459441910296577,exploration_open_world
76561199036842812,220.11666666666667,5,1396.0,24,37.05,4,1653.1666666666667,33,50.0959595959596,0.1331485028732735,0.8444399637060187,0.02241153342070773,3,0.7161081454081679,0.8444399637060187,0.1331485028732735,0.7112914608327452,exploration_open_world
76561199046671846,0.0,0,45.91666666666667,3,0.0,0,45.91666666666667,3,15.305555555555557,0.0,1.0,0.0,1,-0.0,1.0,0.0,1.0,exploration_open_world
76561199049771754,96.53333333333333,10,1103.8166666666666,26,121.85000000000001,9,1322.1999999999998,45,29.382222222222218,0.07300963041395654,0.8348333585438411,0.0921570110422024,3,0.8100896092481338,0.8348333585438411,0.0921570110422024,0.7426763475016387,exploration_open_world
76561199051858004,0.23333333333333334,1,91.31666666666666,7,8.833333333333334,1,100.38333333333333,9,11.153703703703703,0.0023244230449941893,0.9096795616802258,0.08799601527478003,3,0.453121607314345,0.9096795616802258,0.08799601527478003,0.8216835464054457,exploration_open_world
76561199063609065,405.00000000000006,3,1127.45,9,101.63333333333334,4,1634.0833333333335,16,102.13020833333334,0.24784537712274976,0.6899586924371461,0.06219593044010403,3,1.1174234917120884,0.6899586924371461,0.24784537712274976,0.44211331531439635,exploration_open_world
76561199064701575,1495.7833333333333,31,726.2666666666667,30,156.68333333333334,17,2378.7333333333336,78,30.4965811965812,0.6288150556318488,0.3053165550292873,0.06586838933886381,3,1.2019330524270004,0.6288150556318488,0.3053165550292873,0.3234985006025615,exploration_rpg
76561199068026988,270.0,9,242.46666666666667,16,65.46666666666667,5,577.9333333333334,30,19.264444444444447,0.4671819125620025,0.41954089283654394,0.11327719460145344,3,1.394598056054548,0.4671819125620025,0.41954089283654394,0.04764101972545853,exploration_rpg
76561199068622591,73.6,10,426.28333333333336,26,18.233333333333334,5,518.1166666666667,41,12.636991869918699,0.14205294817769484,0.8227554926496606,0.035191559172644514,3,0.8014532168759595,0.8227554926496606,0.14205294817769484,0.6807025444719658,exploration_open_world
76561199070366974,28.76666666666667,4,477.0,21,111.26666666666667,13,617.0333333333333,38,16.23771929824561,0.04662092809680731,0.7730538598671061,0.18032521203608665,3,0.9389218935186905,0.7730538598671061,0.18032521203608665,0.5927286478310194,exploration_open_world
76561199081565391,30.733333333333334,4,97.35,8,16.016666666666666,3,144.09999999999997,15,9.606666666666664,0.2132778163312515,0.6755725190839695,0.11114966458477911,3,1.2099688581243577,0.6755725190839695,0.2132778163312515,0.462294702752718,exploration_open_world
76561199083616523,406.6166666666667,6,1047.3,34,197.6,15,1651.5166666666664,55,30.027575757575754,0.24620803100180647,0.6341443723446126,0.11964759665358106,3,1.2810488573131225,0.6341443723446126,0.24620803100180647,0.3879363413428062,exploration_open_world
76561199090843258,406.98333333333335,6,339.5,9,185.29999999999998,5,931.7833333333333,20,46.589166666666664,0.4367789364480298,0.3643550897025417,0.1988659738494285,3,1.516058976120477,0.4367789364480298,0.3643550897025417,0.07242384674548807,exploration_rpg
76561199095029886,0.5666666666666667,1,103.68333333333334,14,2.1666666666666665,2,106.41666666666667,17,6.259803921568627,0.005324980422866092,0.9743148003132341,0.020360219263899762,3,0.1911813192212663,0.9743148003132341,0.020360219263899762,0.9539545810493344,exploration_open_world
76561199103668866,79.88333333333334,1,1307.6666666666667,10,112.41666666666667,4,1499.966666666667,15,99.9977777777778,0.0532567390386453,0.871797151047801,0.07494610991355362,3,0.6780319666605208,0.871797151047801,0.07494610991355362,0.7968510411342473,exploration_open_world
76561199112297278,213.31666666666666,13,70.81666666666666,16,13.600000000000001,4,297.73333333333335,33,9.022222222222222,0.7164688759516346,0.23785266457680249,0.045678459471562925,3,1.0408123003771952,0.7164688759516346,0.23785266457680249,0.47861621137483207,exploration_rpg
76561199118245984,7.2,1,45.21666666666667,2,5.283333333333333,2,57.7,5,11.540000000000001,0.12478336221837089,0.7836510687463893,0.09156556903523974,3,0.9660998233558029,0.7836510687463893,0.12478336221837089,0.6588677065280184,exploration_open_world
76561199119074588,45.28333333333333,6,1019.7,13,66.3,2,1131.2833333333333,21,53.87063492063492,0.04002828645933085,0.9013657056145676,0.05860600792610162,3,0.5607464832799176,0.9013657056145676,0.05860600792610162,0.842759697688466,exploration_open_world
76561199127966687,17.666666666666668,2,7714.966666666666,30,0.21666666666666667,1,7732.849999999999,33,234.32878787878786,0.0022846255477174224,0.9976873554597162,2.8018992566345743e-05,3,0.023801225959390864,0.9976873554597162,0.0022846255477174224,0.9954027299119987,exploration_open_world
76561199129589291,141.83333333333331,12,1020.0333333333333,36,9.833333333333334,1,1171.6999999999998,49,23.91224489795918,0.12104918778982106,0.8705584478393219,0.00839236437085716,3,0.6007363330030845,0.8705584478393219,0.12104918778982106,0.7495092600495008,exploration_open_world
76561199130234193,38.166666666666664,10,270.3833333333333,11,15.233333333333333,5,323.78333333333336,26,12.453205128205129,0.11787718124260049,0.8350748957636278,0.04704792299377155,3,0.7882157674258898,0.8350748957636278,0.11787718124260049,0.7171977145210273,exploration_open_world
76561199132079866,778.7833333333333,3,865.3833333333334,11,19.25,1,1663.4166666666667,15,110.89444444444445,0.46818295676569305,0.5202444767296228,0.011572566504684134,3,1.0774952142148877,0.5202444767296228,0.46818295676569305,0.05206151996392977,exploration_open_world
76561199137606321,186.25,4,1150.35,17,43.483333333333334,4,1380.0833333333333,25,55.20333333333333,0.1349556186220639,0.8335366221846506,0.03150775919328543,3,0.7660674638716817,0.8335366221846506,0.1349556186220639,0.6985810035625868,exploration_open_world
76561199149228225,215.65,7,793.0666666666667,14,174.48333333333335,6,1183.2,27,43.82222222222222,0.18225997295469912,0.670272706783863,0.1474673202614379,3,1.2417215785855302,0.670272706783863,0.18225997295469912,0.4880127338291639,exploration_open_world
76561199183820667,50.733333333333334,4,372.1,28,47.63333333333333,8,470.4666666666667,40,11.761666666666667,0.10783619101601247,0.7909168201785461,0.1012469888054414,3,0.9486599752002949,0.7909168201785461,0.10783619101601247,0.6830806291625336,exploration_open_world
76561199185990766,469.4166666666667,3,398.9166666666667,15,55.78333333333333,6,924.1166666666667,24,38.50486111111111,0.5079625588399733,0.431673489999459,0.060363951160567746,3,1.264051143188573,0.5079625588399733,0.431673489999459,0.07628906884051434,exploration_rpg
76561199186263893,6.616666666666666,1,377.40000000000003,11,48.18333333333333,5,432.20000000000005,17,25.423529411764708,0.015309270399506398,0.8732068486811662,0.11148388091932745,3,0.6159666569967419,0.8732068486811662,0.11148388091932745,0.7617229677618387,exploration_open_world
76561199189774256,9.966666666666667,3,74.38333333333333,4,7.133333333333334,1,91.48333333333333,8,11.435416666666667,0.10894516305337949,0.8130807068682819,0.0779741300783385,3,0.8781826517378687,0.8130807068682819,0.10894516305337949,0.7041355438149024,exploration_open_world
76561199190946882,0.0,0,1671.1333333333332,10,12.65,3,1683.7833333333333,13,129.52179487179487,0.0,0.9924871568986507,0.007512843101349144,2,0.06381174047794821,0.9924871568986507,0.007512843101349144,0.9849743137973016,exploration_open_world
76561199200882691,15.1,4,140.88333333333333,13,24.349999999999998,6,180.33333333333331,23,7.840579710144927,0.08373382624768948,0.7812384473197782,0.13502772643253236,3,0.9679042247374914,0.7812384473197782,0.13502772643253236,0.6462107208872458,exploration_open_world
76561199202516265,9.233333333333334,4,93.56666666666666,7,20.28333333333333,6,123.08333333333333,17,7.240196078431373,0.07501692620176034,0.7601895734597156,0.16479350033852402,3,1.0096907539943087,0.7601895734597156,0.16479350033852402,0.5953960731211916,exploration_open_world
76561199208519382,69.46666666666667,6,870.4166666666666,31,73.86666666666667,11,1013.75,48,21.119791666666668,0.06852445540484998,0.8586107685984381,0.07286477599671189,3,0.7291586579466673,0.8586107685984381,0.07286477599671189,0.7857459926017262,exploration_open_world
76561199218099483,0.0,0,0.0,0,1.1,1,1.1,1,1.1,0.0,0.0,1.0,1,-0.0,1.0,0.0,1.0,exploration_adventure
76561199229443002,55.45,1,351.43333333333334,17,80.31666666666666,4,487.2,22,22.145454545454545,0.1138136288998358,0.7213327859879585,0.1648535851122058,3,1.125514024764024,0.7213327859879585,0.1648535851122058,0.5564792008757526,exploration_open_world
76561199241211928,208.91666666666666,3,71.10000000000001,5,0.0,0,280.01666666666665,8,35.00208333333333,0.7460865424677102,0.2539134575322898,0.0,2,0.8174220907606153,0.7460865424677102,0.2539134575322898,0.49217308493542045,exploration_rpg
76561199241372813,8.216666666666667,3,12.9,1,70.10000000000001,3,91.21666666666667,7,13.030952380952382,0.09007856751324685,0.14142152384432669,0.7684999086424266,3,1.0038345319854987,0.7684999086424266,0.14142152384432669,0.6270783847980999,exploration_adventure
76561199243141822,182.63333333333333,3,235.04999999999998,4,0.0,0,417.6833333333333,7,59.66904761904761,0.43725310243007065,0.5627468975699293,0.0,2,0.9886097119288138,0.5627468975699293,0.43725310243007065,0.1254937951398587,exploration_open_world
76561199247350187,4.966666666666667,2,72.63333333333334,5,0.6833333333333333,1,78.28333333333335,8,9.785416666666668,0.06344475196934213,0.9278262720885672,0.008728975942090695,3,0.4123850560329233,0.9278262720885672,0.06344475196934213,0.8643815201192251,exploration_open_world
76561199278279123,0.0,0,229.55,9,0.016666666666666666,1,229.5666666666667,10,22.95666666666667,0.0,0.9999273994482357,7.260055176419339e-05,2,0.0011029695535855278,0.9999273994482357,7.260055176419339e-05,0.9998547988964716,exploration_open_world
76561199296804744,0.0,0,892.2166666666667,7,12.766666666666667,1,904.9833333333333,8,113.12291666666667,0.0,0.9858929262049025,0.014107073795097517,2,0.10693032395010307,0.9858929262049025,0.014107073795097517,0.971785852409805,exploration_open_world
76561199362913608,2.75,3,256.8,9,2.966666666666667,2,262.51666666666665,14,18.751190476190477,0.010475525363468987,0.9782236048504858,0.011300869786045331,3,0.1730554008535889,0.9782236048504858,0.011300869786045331,0.9669227350644405,exploration_open_world
76561199365885214,0.0,0,12.4,3,25.716666666666665,1,38.11666666666667,4,9.529166666666667,0.0,0.3253170091823349,0.674682990817665,2,0.9100700617702124,0.674682990817665,0.3253170091823349,0.3493659816353301,exploration_adventure
76561199373012529,421.8833333333333,10,341.4166666666667,22,72.03333333333333,5,835.3333333333333,37,22.576576576576574,0.5050478850758181,0.4087190742218676,0.08623304070231445,3,1.3301977090337058,0.5050478850758181,0.4087190742218676,0.09632881085395051,exploration_rpg
76561199375671370,15.6,4,223.03333333333333,18,19.633333333333333,3,258.26666666666665,25,10.330666666666666,0.06040268456375839,0.863577697470315,0.0760196179659267,3,0.7099217866873025,0.863577697470315,0.0760196179659267,0.7875580795043883,exploration_open_world
76561199377104400,24.28333333333333,3,939.1666666666666,27,20.15,2,983.5999999999999,32,30.737499999999997,0.02468822014368985,0.9548258099498441,0.020485969906466044,3,0.3104240707357593,0.9548258099498441,0.02468822014368985,0.9301375898061542,exploration_open_world
76561199378979916,2.95,2,0.0,0,33.983333333333334,1,36.93333333333334,3,12.311111111111112,0.07987364620938628,0.0,0.9201263537906137,2,0.40173381824299215,0.9201263537906137,0.07987364620938628,0.8402527075812274,exploration_adventure
76561199379291170,0.0,0,175.46666666666667,3,147.0,1,322.4666666666667,4,80.61666666666667,0.0,0.5441389290882778,0.4558610709117221,2,0.994371228864692,0.5441389290882778,0.4558610709117221,0.08827785817655565,exploration_open_world
76561199386513701,265.21666666666664,3,449.25,26,204.91666666666666,36,919.3833333333333,65,14.144358974358974,0.28847234559396695,0.4886427496691623,0.22288490473687073,3,1.5049000690959735,0.4886427496691623,0.28847234559396695,0.20017040407519537,exploration_open_world
76561199387354949,400.31666666666666,8,225.03333333333333,7,46.31666666666666,2,671.6666666666667,17,39.50980392156863,0.5960049627791563,0.33503722084367243,0.0689578163771712,3,1.2395855646529483,0.5960049627791563,0.33503722084367243,0.26096774193548383,exploration_rpg
76561199404118052,13.283333333333333,1,403.21666666666664,14,62.74999999999999,5,479.25,20,23.9625,0.027716918796731004,0.8413493305512084,0.1309337506520605,3,0.7371064486945225,0.8413493305512084,0.1309337506520605,0.7104155798991479,exploration_open_world
76561199404580646,3.566666666666667,1,155.66666666666666,14,30.95,6,190.1833333333333,21,9.056349206349205,0.018753834019805453,0.8185084567522567,0.16273770922793798,3,0.7703486697698179,0.8185084567522567,0.16273770922793798,0.6557707475243187,exploration_open_world
76561199407033309,119.9,13,1858.8666666666668,53,75.11666666666667,8,2053.8833333333337,74,27.755180180180183,0.05837722038739623,0.9050497837429908,0.036572995869612844,3,0.54408656593768,0.9050497837429908,0.05837722038739623,0.8466725633555946,exploration_open_world
76561199437584070,0.21666666666666667,1,636.4666666666667,15,2.3666666666666667,1,639.0500000000001,17,37.59117647058824,0.00033904493649427534,0.995957541141799,0.0037034139217066997,3,0.03964035283819564,0.995957541141799,0.0037034139217066997,0.9922541272200923,exploration_open_world
76561199442723717,123.5,4,70.88333333333334,4,1.2333333333333334,1,195.61666666666665,9,21.735185185185184,0.631336798159666,0.3623583539234899,0.006304847916844169,3,0.9956654304554601,0.631336798159666,0.3623583539234899,0.2689784442361761,exploration_rpg
76561199467345363,83.83333333333334,11,166.68333333333334,17,135.31666666666666,11,385.83333333333337,39,9.893162393162394,0.21727861771058316,0.43200863930885525,0.3507127429805615,3,1.5317866945525371,0.43200863930885525,0.3507127429805615,0.08129589632829376,exploration_open_world
76561199471848888,41.15,3,6.75,3,44.75,6,92.65,12,7.720833333333334,0.4441446303291959,0.07285483000539665,0.4830005396654074,3,1.302458290806241,0.4830005396654074,0.4441446303291959,0.038855909336211525,exploration_adventure
76561199479872927,27.25,2,159.93333333333334,9,3.45,2,190.63333333333333,13,14.664102564102564,0.14294457072914846,0.8389578597656934,0.018097569505158246,3,0.7184527793552057,0.8389578597656934,0.14294457072914846,0.6960132890365449,exploration_open_world
76561199495383172,30.45,1,293.3,12,0.0,0,323.75,13,24.903846153846153,0.09405405405405405,0.905945945945946,0.0,2,0.44985887910216515,0.905945945945946,0.09405405405405405,0.8118918918918919,exploration_open_world
76561199496950080,9.016666666666666,4,260.3333333333333,15,16.7,2,286.04999999999995,21,13.62142857142857,0.031521295810755696,0.9100973023364215,0.05838140185282294,3,0.5201695147838966,0.9100973023364215,0.05838140185282294,0.8517159004835986,exploration_open_world
76561199500580493,0.0,0,2.8833333333333333,2,8.7,2,11.583333333333332,4,2.895833333333333,0.0,0.24892086330935254,0.7510791366906475,2,0.8095632487754265,0.7510791366906475,0.24892086330935254,0.502158273381295,exploration_adventure
76561199508593287,255.58333333333331,2,1347.9666666666667,22,8.383333333333333,4,1611.9333333333334,28,57.56904761904762,0.1585570122833864,0.8362421936391083,0.005200794077505273,3,0.6764895650725512,0.8362421936391083,0.1585570122833864,0.677685181355722,exploration_open_world
76561199518971381,0.3333333333333333,5,58.300000000000004,14,1.35,5,59.98333333333334,24,2.499305555555556,0.0055570991942206155,0.9719366490691859,0.022506251736593496,3,0.20473276488823333,0.9719366490691859,0.022506251736593496,0.9494303973325924,exploration_open_world
76561199520350248,11.583333333333332,5,309.9166666666667,12,102.16666666666666,4,423.66666666666663,21,20.174603174603174,0.027340676632572777,0.7315106215578286,0.24114870180959874,3,0.9667605587741468,0.7315106215578286,0.24114870180959874,0.4903619197482299,exploration_open_world
76561199520717226,86.06666666666666,7,216.15,15,31.85,8,334.0666666666667,30,11.135555555555557,0.2576332069447216,0.6470265416084613,0.09534025144681699,3,1.233763968387076,0.6470265416084613,0.2576332069447216,0.3893933346637397,exploration_open_world
76561199528241120,96.28333333333333,5,114.58333333333334,10,57.91666666666667,7,268.78333333333336,22,12.217424242424244,0.358219135611087,0.42630371426799774,0.21547715012091523,3,1.5320777510390307,0.42630371426799774,0.358219135611087,0.06808457865691075,exploration_open_world
76561199529390415,41.766666666666666,7,101.39999999999999,10,101.13333333333333,13,244.29999999999998,30,8.143333333333333,0.17096466093600765,0.4150634465820712,0.4139718924819211,3,1.4889410666255103,0.4150634465820712,0.4139718924819211,0.001091554100150105,exploration_open_world
76561199546708875,0.0,0,4.883333333333333,2,0.0,0,4.883333333333333,2,2.4416666666666664,0.0,1.0,0.0,1,-0.0,1.0,0.0,1.0,exploration_open_world
76561199547030407,22.049999999999997,3,729.2166666666667,37,109.16666666666667,15,860.4333333333333,55,15.644242424242423,0.02562662224460543,0.8474993220470306,0.12687405570836402,3,0.7156776363252324,0.8474993220470306,0.12687405570836402,0.7206252663386665,exploration_open_world
76561199552924653,218.26666666666665,9,194.86666666666667,17,35.233333333333334,3,448.3666666666667,29,15.460919540229884,0.48680395509627533,0.43461452680098134,0.07858151810274329,3,1.3164462723586263,0.48680395509627533,0.43461452680098134,0.052189428295293994,exploration_rpg
76561199554677557,494.3833333333333,9,163.16666666666666,13,46.43333333333333,6,703.9833333333332,28,25.142261904761902,0.7022656786382254,0.23177632046213217,0.06595800089964252,3,1.1056621760556664,0.7022656786382254,0.23177632046213217,0.4704893581760933,exploration_rpg
76561199556464953,11.033333333333333,3,521.8833333333333,16,90.30000000000001,2,623.2166666666667,21,29.676984126984127,0.017703848313855533,0.8374027224346803,0.1448934292514642,3,0.7212219677118268,0.8374027224346803,0.1448934292514642,0.6925092931832161,exploration_open_world
76561199576303315,1.6166666666666667,1,792.6833333333333,5,1.7833333333333334,1,796.0833333333333,7,113.72619047619047,0.0020307756725635928,0.9957290903381137,0.0022401339893227262,3,0.04402930612380159,0.9957290903381137,0.0022401339893227262,0.993488956348791,exploration_open_world
76561199582998630,131.68333333333334,12,427.6166666666667,35,103.33333333333333,13,662.6333333333333,60,11.043888888888889,0.19872730016600434,0.6453292419135772,0.15594345792041853,3,1.2891092045297698,0.6453292419135772,0.19872730016600434,0.44660194174757284,exploration_open_world
76561199588540862,0.0,0,28.049999999999997,9,22.916666666666668,3,50.96666666666667,12,4.247222222222223,0.0,0.5503597122302157,0.44964028776978415,2,0.9926699377784118,0.5503597122302157,0.44964028776978415,0.10071942446043158,exploration_open_world
76561199599816543,0.0,0,32.4,4,60.6,3,93.0,7,13.285714285714286,0.0,0.34838709677419355,0.6516129032258065,2,0.9326193415661177,0.6516129032258065,0.34838709677419355,0.3032258064516129,exploration_adventure
76561199614963063,112.4,6,156.13333333333333,9,40.983333333333334,4,309.51666666666665,19,16.29035087719298,0.3631468418501966,0.5044424102094663,0.13241074794033708,3,1.4149286694385506,0.5044424102094663,0.3631468418501966,0.14129556835926976,exploration_open_world
76561199623707095,0.26666666666666666,2,21.633333333333333,5,6.666666666666666,4,28.566666666666663,11,2.5969696969696967,0.009334889148191366,0.7572928821470246,0.23337222870478413,3,0.8565963211995642,0.7572928821470246,0.23337222870478413,0.5239206534422405,exploration_open_world
76561199634781575,1.0,1,53.016666666666666,6,0.06666666666666667,1,54.083333333333336,8,6.760416666666667,0.018489984591679505,0.9802773497688752,0.0012326656394453003,3,0.14653271413805619,0.9802773497688752,0.018489984591679505,0.9617873651771957,exploration_open_world
76561199641760688,0.0,0,174.54999999999998,10,21.849999999999998,4,196.39999999999998,14,14.028571428571427,0.0,0.8887474541751528,0.11125254582484725,2,0.5036824928705932,0.8887474541751528,0.11125254582484725,0.7774949083503055,exploration_open_world
76561199658816261,44.0,2,67.36666666666667,3,47.016666666666666,1,158.38333333333333,6,26.397222222222222,0.2778070083131643,0.42533936651583715,0.2968536251709986,3,1.558061095615392,0.42533936651583715,0.2968536251709986,0.12848574134483853,exploration_open_world
76561199668649371,4.25,2,75.43333333333334,7,13.8,3,93.48333333333333,12,7.790277777777778,0.04546264931360314,0.8069174540916385,0.14761989659475844,3,0.859909436319616,0.8069174540916385,0.14761989659475844,0.65929755749688,exploration_open_world
76561199700302930,0.0,0,23.116666666666667,2,6.65,2,29.766666666666666,4,7.441666666666666,0.0,0.7765957446808511,0.22340425531914895,2,0.7663350359691775,0.7765957446808511,0.22340425531914895,0.5531914893617021,exploration_open_world
76561199700704584,29.533333333333335,1,54.25,4,4.066666666666666,1,87.85,6,14.641666666666666,0.33617909315120476,0.6175298804780877,0.046291026370707644,3,1.1633641641328059,0.6175298804780877,0.33617909315120476,0.2813507873268829,exploration_open_world
76561199731916506,0.0,0,398.0333333333333,7,45.61666666666667,2,443.65,9,49.294444444444444,0.0,0.8971787069386529,0.10282129306134716,2,0.4778756100690359,0.8971787069386529,0.10282129306134716,0.7943574138773057,exploration_open_world
76561199752564934,0.0,0,99.21666666666667,7,6.233333333333333,1,105.45,8,13.18125,0.0,0.9408882566777304,0.059111743322269636,2,0.32390873388100394,0.9408882566777304,0.059111743322269636,0.8817765133554607,exploration_open_world
76561199752899195,14.983333333333333,2,160.1,1,0.6833333333333333,1,175.76666666666665,4,43.94166666666666,0.08524559074530628,0.9108666793096909,0.003887729945002845,3,0.4566235055894456,0.9108666793096909,0.08524559074530628,0.8256210885643847,exploration_open_world
76561199761625258,55.833333333333336,8,31.633333333333333,8,7.25,5,94.71666666666667,21,4.51031746031746,0.5894773887031498,0.3339785324652472,0.07654407883160302,3,1.2616754720669672,0.5894773887031498,0.3339785324652472,0.2554988562379026,exploration_rpg
76561199761815865,1.55,3,113.45,11,11.883333333333335,2,126.88333333333334,16,7.930208333333334,0.012215946407460921,0.894128464468672,0.09365558912386708,3,0.5419603678499064,0.894128464468672,0.09365558912386708,0.8004728753448049,exploration_open_world
76561199772628178,0.0,0,0.6333333333333333,1,0.0,0,0.6333333333333333,1,0.6333333333333333,0.0,1.0,0.0,1,-0.0,1.0,0.0,1.0,exploration_open_world
76561199779951007,603.6333333333333,7,2108.516666666667,36,92.14999999999999,10,2804.3,53,52.91132075471698,0.21525276658464976,0.7518869830854997,0.03286025032985058,3,0.9482326438822664,0.7518869830854997,0.21525276658464976,0.53663421650085,exploration_open_world
76561199784819245,12.566666666666666,1,22.46666666666667,3,0.0,0,35.03333333333333,4,8.758333333333333,0.3587059942911513,0.6412940057088488,0.0,2,0.9416038222601242,0.6412940057088488,0.3587059942911513,0.28258801141769746,exploration_open_world
76561199790173584,0.0,0,6.633333333333334,3,0.75,2,7.383333333333334,5,1.4766666666666668,0.0,0.8984198645598194,0.10158013544018057,2,0.4739845853694481,0.8984198645598194,0.10158013544018057,0.7968397291196387,exploration_open_world
76561199790956354,0.0,0,100.81666666666666,9,0.0,0,100.81666666666666,9,11.20185185185185,0.0,1.0,0.0,1,-0.0,1.0,0.0,1.0,exploration_open_world
76561199793639791,0.0,0,178.76666666666665,4,16.883333333333333,4,195.64999999999998,8,24.456249999999997,0.0,0.9137064485901696,0.08629355140983049,2,0.4239756486156734,0.9137064485901696,0.08629355140983049,0.8274128971803391,exploration_open_world
76561199797501568,29.1,1,404.15,4,26.4,1,459.65,6,76.60833333333333,0.06330903948656587,0.8792559556184053,0.05743500489502883,3,0.6520336509435175,0.8792559556184053,0.06330903948656587,0.8159469161318395,exploration_open_world
76561199814229495,35.1,2,107.61666666666666,4,0.0,0,142.71666666666667,6,23.78611111111111,0.24594184281209858,0.7540581571879014,0.0,2,0.8047825088287894,0.7540581571879014,0.24594184281209858,0.5081163143758027,exploration_open_world
76561199820702836,6.9,2,23.85,7,36.18333333333333,8,66.93333333333334,17,3.9372549019607845,0.10308764940239044,0.35632470119521914,0.5405876494023903,3,1.3481176491883067,0.5405876494023903,0.35632470119521914,0.1842629482071712,exploration_adventure
76561199821666213,19.3,1,390.6166666666667,6,16.816666666666666,1,426.73333333333335,8,53.34166666666667,0.04522730823308858,0.91536478675207,0.03940790501484143,3,0.5026510344835997,0.91536478675207,0.04522730823308858,0.8701374785189814,exploration_open_world
76561199823240584,0.0,0,13.633333333333333,1,0.4,1,14.033333333333333,2,7.016666666666667,0.0,0.9714964370546318,0.028503562945368172,2,0.1868308732283221,0.9714964370546318,0.028503562945368172,0.9429928741092637,exploration_open_world
76561199823480966,0.11666666666666667,1,1.0166666666666666,1,0.0,0,1.1333333333333333,2,0.5666666666666667,0.10294117647058824,0.8970588235294117,0.0,2,0.47825016410711463,0.8970588235294117,0.10294117647058824,0.7941176470588235,exploration_open_world
76561199825432400,51.86666666666667,4,258.71666666666664,5,22.53333333333333,4,333.1166666666667,13,25.624358974358977,0.15570120578375943,0.7766548256366638,0.06764396857957672,3,0.9638374362420659,0.7766548256366638,0.15570120578375943,0.6209536198529043,exploration_open_world
76561199825489062,22.466666666666665,3,52.61666666666667,7,0.0,0,75.08333333333333,10,7.508333333333333,0.29922308546059934,0.7007769145394007,0.0,2,0.8803391304153871,0.7007769145394007,0.29922308546059934,0.4015538290788014,exploration_open_world
76561199829157304,2.0,2,101.21666666666667,2,0.9666666666666666,2,104.18333333333334,6,17.36388888888889,0.01919692849144137,0.9715245560710286,0.009278515437529994,3,0.21261807504926136,0.9715245560710286,0.01919692849144137,0.9523276275795872,exploration_open_world
76561199841741820,17.333333333333332,1,212.98333333333332,6,4.533333333333333,1,234.85,8,29.35625,0.07380597544531971,0.9068909232843658,0.019303101270314385,3,0.5153215973508848,0.9068909232843658,0.07380597544531971,0.8330849478390461,exploration_open_world
76561199842536358,0.5166666666666667,1,18.583333333333332,3,0.0,0,19.099999999999998,4,4.7749999999999995,0.027050610820244333,0.9729493891797557,0.0,2,0.1793779781176885,0.9729493891797557,0.027050610820244333,0.9458987783595114,exploration_open_world
76561199843251769,123.36666666666667,12,93.55,8,73.86666666666667,13,290.78333333333336,33,8.811616161616163,0.4242563191379607,0.3217172006648707,0.25402648019716856,3,1.5533718765386126,0.4242563191379607,0.3217172006648707,0.10253911847309,exploration_rpg
76561199843879700,0.0,0,16.683333333333334,1,0.0,0,16.683333333333334,1,16.683333333333334,0.0,1.0,0.0,1,-0.0,1.0,0.0,1.0,exploration_open_world
76561199848161678,0.38333333333333336,1,55.38333333333333,3,34.18333333333333,1,89.94999999999999,5,17.99,0.004261626829720215,0.6157124328330554,0.3800259403372244,3,0.9948057280926851,0.6157124328330554,0.3800259403372244,0.235686492495831,exploration_open_world
76561199850854007,41.15,3,493.9,10,66.26666666666667,4,601.3166666666666,17,35.371568627450976,0.0684331605643172,0.8213642284985726,0.11020261093711024,3,0.8486084307071593,0.8213642284985726,0.11020261093711024,0.7111616175614623,exploration_open_world
76561199861637002,2.0,1,88.36666666666666,6,0.0,0,90.36666666666666,7,12.909523809523808,0.02213205459240133,0.9778679454075987,0.0,2,0.15324964605253488,0.9778679454075987,0.02213205459240133,0.9557358908151974,exploration_open_world
76561199863834687,8.583333333333334,3,83.93333333333332,5,152.63333333333333,5,245.14999999999998,13,18.857692307692307,0.03501257733360528,0.3423754164117207,0.622612006254674,3,1.124366367816573,0.622612006254674,0.3423754164117207,0.28023658984295335,exploration_adventure
76561199864592327,4.783333333333333,2,105.33333333333333,8,15.316666666666666,3,125.43333333333332,13,9.648717948717948,0.03813446718044114,0.8397555142173798,0.12211001860217913,3,0.7617531942834053,0.8397555142173798,0.12211001860217913,0.7176454956152007,exploration_open_world
76561199866204492,345.01666666666665,7,485.5,14,47.61666666666667,7,878.1333333333333,28,31.36190476190476,0.3928978135438809,0.552877315517765,0.05422487093835408,3,1.2302404884443345,0.552877315517765,0.3928978135438809,0.15997950197388405,exploration_open_world
76561199881145326,0.11666666666666667,1,75.15,9,14.666666666666668,2,89.93333333333334,12,7.4944444444444445,0.0012972572275759822,0.8356189770200149,0.1630837657524092,3,0.6556141373261984,0.8356189770200149,0.1630837657524092,0.6725352112676056,exploration_open_world
76561199884201587,1.5833333333333333,2,0.2833333333333333,1,18.183333333333334,2,20.05,5,4.01,0.07896924355777223,0.014131338320864505,0.9068994181213632,3,0.5039261993525094,0.9068994181213632,0.07896924355777223,0.827930174563591,exploration_adventure
76561199887336948,0.0,0,10.133333333333333,3,0.3333333333333333,1,10.466666666666667,4,2.6166666666666667,0.0,0.9681528662420381,0.03184713375796178,2,0.20357219782244365,0.9681528662420381,0.03184713375796178,0.9363057324840763,exploration_open_world
