steamid,hours_puzzle_narrative,games_puzzle_narrative,hours_puzzle_spatial,games_puzzle_spatial,hours_puzzle_logic,games_puzzle_logic,total_playtime,num_games,avg_playtime_per_game,puzzle_narrative,puzzle_spatial,puzzle_logic,diversity,entropy,dominance,second_max,gap,target
76561197964163072,42.516666666666666,12,229.4,13,121.13333333333333,20,393.05,45,8.734444444444446,0.10817114022813043,0.5836407581732604,0.30818810159860915,3,1.323818540308002,0.5836407581732604,0.30818810159860915,0.2754526565746513,puzzle_spatial
76561197970087759,6.9,1,77.93333333333334,3,40.349999999999994,5,125.18333333333334,9,13.90925925925926,0.05511915856743443,0.6225535880708295,0.32232725336173607,3,1.1826184272960631,0.6225535880708295,0.32232725336173607,0.30022633470909343,puzzle_spatial
76561197993572531,826.7333333333333,119,251.76666666666668,53,1041.1666666666667,168,2119.666666666667,340,6.234313725490197,0.39002987891177854,0.11877653719138229,0.4911935838968391,3,1.3986613937501806,0.4911935838968391,0.39002987891177854,0.10116370498506055,puzzle_logic
76561198002012416,7.65,2,59.38333333333333,5,30.833333333333332,7,97.86666666666666,14,6.99047619047619,0.07816757493188012,0.6067779291553134,0.31505449591280654,3,1.2497691871104673,0.6067779291553134,0.31505449591280654,0.2917234332425068,puzzle_spatial
76561198009405343,114.51666666666667,20,77.71666666666667,7,98.41666666666667,15,290.65000000000003,42,6.920238095238096,0.3940019496530764,0.2673891851596995,0.338608865187224,3,1.5672799935434614,0.3940019496530764,0.338608865187224,0.055393084465852394,puzzle_narrative
76561198016136462,0.75,1,23.633333333333333,3,29.016666666666666,2,53.4,6,8.9,0.014044943820224719,0.4425717852684145,0.5433832709113608,3,1.0850560493934054,0.5433832709113608,0.4425717852684145,0.10081148564294634,puzzle_logic
76561198021094241,11.533333333333333,8,32.15,7,44.13333333333333,31,87.81666666666666,46,1.9090579710144926,0.13133421901689127,0.36610362497627635,0.5025621560068324,3,1.4142245318517759,0.5025621560068324,0.36610362497627635,0.13645853103055605,puzzle_logic
76561198054080295,54.13333333333333,6,44.68333333333333,5,80.85000000000001,10,179.66666666666669,21,8.555555555555557,0.3012987012987013,0.24870129870129865,0.45,3,1.5391405425189253,0.45,0.3012987012987013,0.14870129870129872,puzzle_logic
76561198057419230,3.95,1,73.68333333333334,2,1.95,4,79.58333333333334,7,11.36904761904762,0.04963350785340314,0.9258638743455497,0.02450261780104712,3,0.44904020043328535,0.9258638743455497,0.04963350785340314,0.8762303664921466,puzzle_spatial
76561198067629039,0.0,0,138.5,9,92.21666666666667,14,230.71666666666667,23,10.031159420289855,0.0,0.6003034024416672,0.39969659755833276,2,0.9707728387043555,0.6003034024416672,0.39969659755833276,0.2006068048833345,puzzle_spatial
76561198070677644,39.016666666666666,18,54.06666666666666,19,88.91666666666667,45,182.0,82,2.2195121951219514,0.21437728937728937,0.29706959706959707,0.4885531135531136,3,1.5013819339075407,0.4885531135531136,0.29706959706959707,0.19148351648351652,puzzle_logic
76561198079201794,8.35,2,74.53333333333333,2,7.050000000000001,4,89.93333333333332,8,11.241666666666665,0.09284655300222387,0.8287620459599704,0.0783914010378058,3,0.8308855621893194,0.8287620459599704,0.09284655300222387,0.7359154929577465,puzzle_spatial
76561198090208789,2.5833333333333335,1,71.5,3,97.1,4,171.18333333333334,8,21.397916666666667,0.015091033005549606,0.41768084899230845,0.5672281180021419,3,1.081375640678434,0.5672281180021419,0.41768084899230845,0.14954726900983345,puzzle_logic
76561198090781234,2.1333333333333333,1,11.0,1,3.65,2,16.78333333333333,4,4.195833333333333,0.12711022840119168,0.6554121151936446,0.21747765640516387,3,1.256432846403115,0.6554121151936446,0.21747765640516387,0.43793445878848075,puzzle_spatial
76561198110543020,1.0833333333333333,1,17.4,1,7.85,9,26.33333333333333,11,2.3939393939393936,0.04113924050632912,0.6607594936708862,0.29810126582278484,3,1.1049041096255856,0.6607594936708862,0.29810126582278484,0.3626582278481013,puzzle_spatial
76561198111573586,0.9833333333333333,1,3.4,1,18.31666666666667,2,22.700000000000003,4,5.675000000000001,0.04331864904552128,0.14977973568281935,0.8069016152716594,3,0.8562085122060955,0.8069016152716594,0.14977973568281935,0.65712187958884,puzzle_logic
76561198119630343,0.0,0,11.133333333333333,1,0.0,0,11.133333333333333,1,11.133333333333333,0.0,1.0,0.0,1,-0.0,1.0,0.0,1.0,puzzle_spatial
76561198149690895,9.366666666666667,3,90.53333333333335,3,34.35,13,134.25,19,7.065789473684211,0.06977032898820609,0.6743637492240845,0.2558659217877095,3,1.1544844511753154,0.6743637492240845,0.2558659217877095,0.418497827436375,puzzle_spatial
76561198151033409,9.766666666666667,4,9.6,2,14.600000000000001,4,33.96666666666667,10,3.396666666666667,0.2875368007850834,0.28263002944062804,0.42983316977428854,3,1.555883487425462,0.42983316977428854,0.2875368007850834,0.1422963689892051,puzzle_logic
76561198192648407,0.0,0,3.4,2,1.55,1,4.95,3,1.6500000000000001,0.0,0.6868686868686869,0.31313131313131315,2,0.8967550157663146,0.6868686868686869,0.31313131313131315,0.3737373737373737,puzzle_spatial
76561198208272697,6.65,1,29.75,4,54.76666666666667,9,91.16666666666667,14,6.511904761904762,0.07294332723948811,0.32632541133455206,0.6007312614259598,3,1.2443922401946272,0.6007312614259598,0.32632541133455206,0.2744058500914077,puzzle_logic
76561198215471111,30.883333333333333,2,77.25,7,136.01666666666665,13,244.14999999999998,22,11.09772727272727,0.12649327599153526,0.3164038500921565,0.5571028739163083,3,1.3727800814640447,0.5571028739163083,0.3164038500921565,0.24069902382415181,puzzle_logic
76561198217774529,0.0,0,57.36666666666667,5,52.43333333333334,3,109.80000000000001,8,13.725000000000001,0.0,0.5224650880388585,0.47753491196114145,2,0.9985433104731474,0.5224650880388585,0.47753491196114145,0.04493017607771704,puzzle_spatial
76561198234335792,33.6,9,15.65,4,35.65,14,84.9,27,3.144444444444445,0.3957597173144876,0.18433451118963487,0.41990577149587743,3,1.5046178865614435,0.41990577149587743,0.3957597173144876,0.02414605418138982,puzzle_logic
76561198249570110,2.75,2,25.733333333333334,5,8.566666666666666,5,37.05,12,3.0875,0.07422402159244265,0.694556905083221,0.2312190733243365,3,1.1321978339365135,0.694556905083221,0.2312190733243365,0.4633378317588845,puzzle_spatial
76561198261188424,28.016666666666666,9,150.81666666666666,4,55.866666666666674,14,234.7,27,8.692592592592591,0.11937224826019031,0.6425933816219287,0.23803437011788103,3,1.2689506176261907,0.6425933816219287,0.23803437011788103,0.40455901150404766,puzzle_spatial
76561198262757188,1.8833333333333333,1,241.51666666666665,4,50.28333333333333,3,293.6833333333333,8,36.71041666666666,0.006412802905623972,0.8223710345610352,0.17121616253334093,3,0.7146738687934362,0.8223710345610352,0.17121616253334093,0.6511548720276943,puzzle_spatial
76561198271859829,16.266666666666666,3,108.33333333333334,4,80.05,8,204.65,15,13.643333333333334,0.0794853001058718,0.5293590683280398,0.3911556315660884,3,1.305853390310561,0.5293590683280398,0.3911556315660884,0.1382034367619514,puzzle_spatial
76561198273281065,13.7,3,21.950000000000003,3,0.2833333333333333,1,35.93333333333334,7,5.133333333333334,0.38126159554730976,0.6108534322820037,0.007884972170686455,3,1.0198596403334754,0.6108534322820037,0.38126159554730976,0.22959183673469397,puzzle_spatial
76561198294701020,24.950000000000003,5,99.2,24,113.31666666666666,28,237.46666666666667,57,4.166081871345029,0.10506737787759687,0.41774284110050536,0.4771897810218978,3,1.3769380468716432,0.4771897810218978,0.41774284110050536,0.05944693992139244,puzzle_logic
76561198301672671,8.566666666666666,11,51.86666666666667,9,37.78333333333334,13,98.21666666666667,33,2.9762626262626264,0.08722212794841337,0.5280841676565416,0.384693704395045,3,1.3235906588124005,0.5280841676565416,0.384693704395045,0.14339046326149663,puzzle_spatial
76561198318128729,0.0,0,17.7,2,0.35,1,18.05,3,6.016666666666667,0.0,0.9806094182825484,0.019390581717451522,2,0.1380050291481563,0.9806094182825484,0.019390581717451522,0.9612188365650969,puzzle_spatial
76561198321959737,9.183333333333334,7,43.31666666666667,23,64.93333333333334,32,117.43333333333334,62,1.8940860215053763,0.07820039738858928,0.36886176554073236,0.5529378370706785,3,1.2909110451031438,0.5529378370706785,0.36886176554073236,0.1840760715299461,puzzle_logic
76561198348540244,0.0,0,45.25,1,0.0,0,45.25,1,45.25,0.0,1.0,0.0,1,-0.0,1.0,0.0,1.0,puzzle_spatial
76561198351063966,17.8,1,23.866666666666667,2,92.11666666666667,3,133.78333333333336,6,22.297222222222228,0.1330509530335119,0.17839790706366013,0.6885511399028279,3,1.2015080243013743,0.6885511399028279,0.17839790706366013,0.5101532328391678,puzzle_logic
76561198389287631,0.0,0,11.833333333333334,1,0.0,0,11.833333333333334,1,11.833333333333334,0.0,1.0,0.0,1,-0.0,1.0,0.0,1.0,puzzle_spatial
76561198402634405,15.75,1,24.816666666666666,2,0.38333333333333336,1,40.949999999999996,4,10.237499999999999,0.38461538461538464,0.606023606023606,0.009361009361009363,3,1.031166588843431,0.606023606023606,0.38461538461538464,0.22140822140822142,puzzle_spatial
76561198402842854,74.78333333333333,4,13.950000000000001,4,43.53333333333333,10,132.26666666666665,18,7.348148148148147,0.565398185483871,0.10546875000000001,0.32913306451612906,3,1.3350738379505502,0.565398185483871,0.32913306451612906,0.23626512096774194,puzzle_narrative
76561198408630774,5.566666666666666,3,9.65,2,9.033333333333333,3,24.25,8,3.03125,0.22955326460481099,0.39793814432989694,0.3725085910652921,3,1.5470729040527598,0.39793814432989694,0.3725085910652921,0.02542955326460483,puzzle_spatial
76561198416904447,0.0,0,2.566666666666667,2,0.0,0,2.566666666666667,2,1.2833333333333334,0.0,1.0,0.0,1,-0.0,1.0,0.0,1.0,puzzle_spatial
76561198419798999,64.85,6,96.16666666666666,5,41.15,16,202.16666666666666,27,7.487654320987654,0.3207749381698269,0.4756801319043693,0.2035449299258038,3,1.5035447085325697,0.4756801319043693,0.3207749381698269,0.15490519373454242,puzzle_spatial
76561198438689701,42.416666666666664,2,15.7,2,44.43333333333334,4,102.55,8,12.81875,0.41361937266374127,0.15309605070697221,0.4332845766292866,3,1.4641087773776005,0.4332845766292866,0.41361937266374127,0.01966520396554533,puzzle_logic
76561198439497587,40.233333333333334,20,6.9,3,1.15,2,48.28333333333333,25,1.9313333333333333,0.8332758025543666,0.14290645495340007,0.023817742492233344,3,0.7488021559514402,0.8332758025543666,0.14290645495340007,0.6903693476009666,puzzle_narrative
76561198443835056,0.0,0,10.483333333333334,2,0.0,0,10.483333333333334,2,5.241666666666667,0.0,1.0,0.0,1,-0.0,1.0,0.0,1.0,puzzle_spatial
76561198448604074,43.68333333333334,3,54.28333333333333,4,19.683333333333334,7,117.65,14,8.403571428571428,0.37129905085706194,0.46139679841337294,0.1673041507295651,3,1.4771504530322532,0.46139679841337294,0.37129905085706194,0.090097747556311,puzzle_spatial
76561198677073705,0.0,0,4.483333333333333,2,0.0,0,4.483333333333333,2,2.2416666666666667,0.0,1.0,0.0,1,-0.0,1.0,0.0,1.0,puzzle_spatial
76561198681768628,0.0,0,8.133333333333333,1,0.0,0,8.133333333333333,1,8.133333333333333,0.0,1.0,0.0,1,-0.0,1.0,0.0,1.0,puzzle_spatial
76561198688946192,0.0,0,6.9,1,0.0,0,6.9,1,6.9,0.0,1.0,0.0,1,-0.0,1.0,0.0,1.0,puzzle_spatial
76561198698268684,2.433333333333333,1,9.633333333333333,1,0.0,0,12.066666666666666,2,6.033333333333333,0.2016574585635359,0.7983425414364641,0.0,2,0.7252306521634886,0.7983425414364641,0.2016574585635359,0.5966850828729282,puzzle_spatial
76561198722267029,0.0,0,3.1333333333333333,1,0.0,0,3.1333333333333333,1,3.1333333333333333,0.0,1.0,0.0,1,-0.0,1.0,0.0,1.0,puzzle_spatial
76561198722776476,0.0,0,19.683333333333334,2,0.0,0,19.683333333333334,2,9.841666666666667,0.0,1.0,0.0,1,-0.0,1.0,0.0,1.0,puzzle_spatial
76561198734942039,0.21666666666666667,1,24.066666666666666,2,0.0,0,24.28333333333333,3,8.094444444444443,0.008922443376801648,0.9910775566231984,0.0,2,0.0735618434914795,0.9910775566231984,0.008922443376801648,0.9821551132463968,puzzle_spatial
76561198735263241,0.36666666666666664,1,8.833333333333334,1,0.03333333333333333,1,9.233333333333334,3,3.077777777777778,0.03971119133574007,0.9566787003610108,0.003610108303249097,3,0.2752453667372423,0.9566787003610108,0.03971119133574007,0.9169675090252707,puzzle_spatial
76561198743664500,0.0,0,8.616666666666667,1,0.0,0,8.616666666666667,1,8.616666666666667,0.0,1.0,0.0,1,-0.0,1.0,0.0,1.0,puzzle_spatial
76561198750649660,0.0,0,5.45,1,8.45,1,13.899999999999999,2,6.949999999999999,0.0,0.39208633093525186,0.6079136690647482,2,0.9661327413120897,0.6079136690647482,0.39208633093525186,0.21582733812949634,puzzle_logic
76561198756090448,1.3166666666666667,1,12.100000000000001,2,0.0,0,13.416666666666668,3,4.472222222222222,0.09813664596273292,0.9018633540372671,0.0,2,0.4630609172368784,0.9018633540372671,0.09813664596273292,0.8037267080745343,puzzle_spatial
76561198768578988,0.0,0,3.25,1,0.0,0,3.25,1,3.25,0.0,1.0,0.0,1,-0.0,1.0,0.0,1.0,puzzle_spatial
76561198772435366,0.0,0,14.0,2,0.0,0,14.0,2,7.0,0.0,1.0,0.0,1,-0.0,1.0,0.0,1.0,puzzle_spatial
76561198783881312,0.0,0,17.466666666666665,2,0.0,0,17.466666666666665,2,8.733333333333333,0.0,1.0,0.0,1,-0.0,1.0,0.0,1.0,puzzle_spatial
76561198784632981,0.0,0,4.816666666666666,1,0.0,0,4.816666666666666,1,4.816666666666666,0.0,1.0,0.0,1,-0.0,1.0,0.0,1.0,puzzle_spatial
76561198799814214,0.0,0,32.31666666666666,4,23.916666666666668,5,56.233333333333334,9,6.2481481481481485,0.0,0.5746887966804979,0.42531120331950206,2,0.983843692258506,0.5746887966804979,0.42531120331950206,0.14937759336099582,puzzle_spatial
76561198807861778,0.0,0,89.86666666666667,2,13.566666666666666,4,103.43333333333334,6,17.23888888888889,0.0,0.868836609732517,0.13116339026748308,2,0.5606201766100425,0.868836609732517,0.13116339026748308,0.737673219465034,puzzle_spatial
76561198813665474,10.516666666666667,3,18.066666666666666,3,8.566666666666666,2,37.150000000000006,8,4.643750000000001,0.2830865859129654,0.4863167339614176,0.23059668012561682,3,1.5092671829343876,0.4863167339614176,0.2830865859129654,0.20323014804845219,puzzle_spatial
76561198814167257,1.6666666666666667,2,13.35,3,0.4166666666666667,1,15.433333333333332,6,2.572222222222222,0.10799136069114472,0.8650107991360692,0.02699784017278618,3,0.6684165170818157,0.8650107991360692,0.10799136069114472,0.7570194384449245,puzzle_spatial
76561198826956274,5.416666666666667,1,60.31666666666666,4,1.5833333333333333,2,67.31666666666666,7,9.616666666666665,0.08046546174795742,0.8960138648180243,0.02352067343401832,3,0.5617111264544363,0.8960138648180243,0.08046546174795742,0.8155484030700668,puzzle_spatial
76561198833154411,17.099999999999998,3,51.483333333333334,5,72.18333333333334,10,140.76666666666665,18,7.8203703703703695,0.12147762254321572,0.3657352592943406,0.5127871181624438,3,1.3942764121818076,0.5127871181624438,0.3657352592943406,0.14705185886810324,puzzle_logic
76561198846653510,44.15,13,69.55,8,31.583333333333332,7,145.28333333333333,28,5.188690476190476,0.30388895262131466,0.47871974303085923,0.21739130434782608,3,1.5095717996931672,0.47871974303085923,0.30388895262131466,0.17483079040954458,puzzle_spatial
76561198849962442,20.96666666666667,3,4.983333333333333,1,2.1,2,28.050000000000004,6,4.675000000000001,0.7474747474747474,0.17765894236482468,0.0748663101604278,3,1.0367039775507638,0.7474747474747474,0.17765894236482468,0.5698158051099227,puzzle_narrative
76561198849975124,76.25,15,32.13333333333333,6,111.35,21,219.73333333333332,42,5.231746031746032,0.34701152912621364,0.14623786407766992,0.5067506067961165,3,1.432420411011837,0.5067506067961165,0.34701152912621364,0.15973907766990286,puzzle_logic
76561198856202641,6.616666666666666,1,47.233333333333334,3,5.666666666666667,1,59.516666666666666,5,11.903333333333332,0.11117334080089611,0.7936152338280594,0.09521142537104453,3,0.9400086523630924,0.7936152338280594,0.11117334080089611,0.6824418930271633,puzzle_spatial
76561198863254785,17.383333333333333,7,26.916666666666668,4,115.28333333333333,12,159.58333333333331,23,6.938405797101448,0.1089295039164491,0.16866840731070498,0.7224020887728461,3,1.1204086064043626,0.7224020887728461,0.16866840731070498,0.5537336814621411,puzzle_logic
76561198865761149,2.8166666666666664,3,12.183333333333334,4,2.3833333333333333,6,17.383333333333333,13,1.337179487179487,0.16203259827420902,0.700862895493768,0.137104506232023,3,1.1778704237927948,0.700862895493768,0.16203259827420902,0.538830297219559,puzzle_spatial
76561198866375958,5.15,2,48.949999999999996,5,67.66666666666667,4,121.76666666666667,11,11.06969696969697,0.042294004927456885,0.40199835751437174,0.5557076375581714,3,1.1925462217809826,0.5557076375581714,0.40199835751437174,0.1537092800437997,puzzle_logic
76561198878881287,171.76666666666668,1,10.133333333333333,2,26.083333333333332,1,207.98333333333335,4,51.99583333333334,0.8258674573283116,0.04872185271255709,0.12541068995913132,3,0.8159852904865168,0.8258674573283116,0.12541068995913132,0.7004567673691803,puzzle_narrative
76561198896959279,0.0,0,37.88333333333333,3,0.0,0,37.88333333333333,3,12.627777777777778,0.0,1.0,0.0,1,-0.0,1.0,0.0,1.0,puzzle_spatial
76561198902455098,96.16666666666667,14,95.1,6,59.166666666666664,9,250.4333333333333,29,8.635632183908045,0.384001064820977,0.379741780913084,0.23625715426593905,3,1.5524861684705997,0.384001064820977,0.379741780913084,0.004259283907892986,puzzle_narrative
76561198970240859,0.0,0,16.716666666666665,2,8.466666666666667,2,25.18333333333333,4,6.2958333333333325,0.0,0.6637988087359364,0.33620119126406356,2,0.9211370324154727,0.6637988087359364,0.33620119126406356,0.3275976174718729,puzzle_spatial
76561198978278981,0.0,0,11.700000000000001,3,5.2,1,16.900000000000002,4,4.2250000000000005,0.0,0.6923076923076923,0.30769230769230765,2,0.8904916402194913,0.6923076923076923,0.30769230769230765,0.38461538461538464,puzzle_spatial
76561198979264617,1.1666666666666667,1,5.433333333333333,2,0.0,0,6.6,3,2.1999999999999997,0.1767676767676768,0.8232323232323232,0.0,2,0.6729546264799154,0.8232323232323232,0.1767676767676768,0.6464646464646464,puzzle_spatial
76561198992448737,2.9833333333333334,4,13.316666666666666,2,8.083333333333332,3,24.383333333333333,9,2.7092592592592593,0.12235133287764867,0.5461380724538619,0.33151059466848937,3,1.3754828981160103,0.5461380724538619,0.33151059466848937,0.21462747778537256,puzzle_spatial
76561198994072114,19.766666666666666,2,24.2,3,33.266666666666666,3,77.23333333333333,8,9.654166666666667,0.2559343979283556,0.31333621061717737,0.430729391454467,3,1.5511983678042773,0.430729391454467,0.31333621061717737,0.11739318083728961,puzzle_logic
76561198999925392,7.366666666666667,2,13.433333333333334,3,2.783333333333333,2,23.583333333333336,7,3.3690476190476195,0.3123674911660777,0.5696113074204947,0.11802120141342755,3,1.3507077602720918,0.5696113074204947,0.3123674911660777,0.257243816254417,puzzle_spatial
76561199014331670,44.88333333333333,6,118.31666666666666,8,185.23333333333332,16,348.4333333333333,30,11.614444444444443,0.12881469434612075,0.3395675882521764,0.5316177174017029,3,1.3945719189879886,0.5316177174017029,0.3395675882521764,0.19205012914952652,puzzle_logic
76561199026156214,5.966666666666667,1,13.966666666666667,2,2.1666666666666665,2,22.1,5,4.42,0.26998491704374056,0.6319758672699849,0.0980392156862745,3,1.2569000107955746,0.6319758672699849,0.26998491704374056,0.36199095022624433,puzzle_spatial
76561199033784787,7.0,2,48.65,5,8.933333333333334,5,64.58333333333333,12,5.381944444444444,0.10838709677419356,0.7532903225806452,0.1383225806451613,3,1.0501043442421862,0.7532903225806452,0.1383225806451613,0.6149677419354839,puzzle_spatial
76561199036842812,3.616666666666667,2,23.71666666666667,2,0.16666666666666666,1,27.500000000000004,5,5.500000000000001,0.1315151515151515,0.8624242424242424,0.00606060606060606,3,0.6137034107716568,0.8624242424242424,0.1315151515151515,0.730909090909091,puzzle_spatial
76561199046671846,1.05,2,9.533333333333333,2,3.816666666666667,1,14.4,5,2.88,0.07291666666666667,0.662037037037037,0.2650462962962963,3,1.1771181650200269,0.662037037037037,0.2650462962962963,0.3969907407407407,puzzle_spatial
76561199049771754,6.866666666666667,2,19.71666666666667,3,1.3166666666666667,1,27.900000000000002,6,4.65,0.24611708482676226,0.7066905615292712,0.047192353643966546,3,1.05963450417433,0.7066905615292712,0.24611708482676226,0.460573476702509,puzzle_spatial
76561199051858004,0.0,0,20.083333333333332,1,0.8666666666666667,1,20.95,2,10.475,0.0,0.958631662688942,0.04136833731105808,2,0.24853117002932862,0.958631662688942,0.04136833731105808,0.9172633253778839,puzzle_spatial
76561199063609065,0.0,0,56.666666666666664,5,36.6,2,93.26666666666667,7,13.323809523809524,0.0,0.6075768406004288,0.3924231593995711,2,0.9663455077186072,0.6075768406004288,0.3924231593995711,0.2151536812008577,puzzle_spatial
76561199064701575,9.133333333333333,1,16.85,3,60.916666666666664,8,86.9,12,7.241666666666667,0.10510164940544686,0.1939010356731876,0.7009973149213655,3,1.1597575960576538,0.7009973149213655,0.1939010356731876,0.5070962792481779,puzzle_logic
76561199068026988,36.983333333333334,4,8.516666666666667,2,0.0,0,45.5,6,7.583333333333333,0.8128205128205128,0.1871794871794872,0.0,2,0.6955337359228585,0.8128205128205128,0.1871794871794872,0.6256410256410256,puzzle_narrative
76561199068622591,0.0,0,22.433333333333334,3,8.933333333333334,5,31.366666666666667,8,3.9208333333333334,0.0,0.7151965993623804,0.28480340063761955,2,0.8619135094177754,0.7151965993623804,0.28480340063761955,0.4303931987247609,puzzle_spatial
76561199070366974,2.55,3,203.1,3,35.516666666666666,9,241.16666666666669,15,16.07777777777778,0.010573600552868,0.8421561852107808,0.14727021423635106,3,0.6850945832886208,0.8421561852107808,0.14727021423635106,0.6948859709744297,puzzle_spatial
76561199081565391,0.0,0,25.75,2,11.366666666666667,2,37.11666666666667,4,9.279166666666667,0.0,0.6937584193982936,0.30624158060170636,2,0.8887872651911488,0.6937584193982936,0.30624158060170636,0.38751683879658727,puzzle_spatial
76561199083616523,9.366666666666667,4,100.53333333333333,4,50.03333333333333,8,159.93333333333334,16,9.995833333333334,0.05856606919549812,0.6285952480200083,0.3128386827844935,3,1.1852652188893025,0.6285952480200083,0.3128386827844935,0.3157565652355148,puzzle_spatial
76561199090843258,20.15,1,12.316666666666666,2,9.866666666666667,3,42.333333333333336,6,7.055555555555556,0.47598425196850386,0.29094488188976375,0.23307086614173228,3,1.5177308155853022,0.47598425196850386,0.29094488188976375,0.1850393700787401,puzzle_narrative
76561199095029886,0.0,0,7.6499999999999995,2,0.0,0,7.6499999999999995,2,3.8249999999999997,0.0,1.0,0.0,1,-0.0,1.0,0.0,1.0,puzzle_spatial
76561199103668866,2.466666666666667,1,201.05,3,0.25,2,203.76666666666668,6,33.961111111111116,0.012105349255684607,0.9866677572386717,0.00122689350564371,3,0.10806000259412214,0.9866677572386717,0.012105349255684607,0.9745624079829871,puzzle_spatial
76561199112297278,0.0,0,14.516666666666666,5,0.06666666666666667,1,14.583333333333332,6,2.4305555555555554,0.0,0.9954285714285714,0.004571428571428572,2,0.04211443027442135,0.9954285714285714,0.004571428571428572,0.9908571428571429,puzzle_spatial
76561199118245984,0.0,0,15.333333333333334,1,0.0,0,15.333333333333334,1,15.333333333333334,0.0,1.0,0.0,1,-0.0,1.0,0.0,1.0,puzzle_spatial
76561199119074588,0.0,0,32.63333333333333,2,0.0,0,32.63333333333333,2,16.316666666666666,0.0,1.0,0.0,1,-0.0,1.0,0.0,1.0,puzzle_spatial
76561199127966687,0.0,0,68.41666666666667,3,0.35,1,68.76666666666667,4,17.191666666666666,0.0,0.9949103247697528,0.005089675230247213,2,0.046098349284723804,0.9949103247697528,0.005089675230247213,0.9898206495395057,puzzle_spatial
76561199129589291,0.0,0,16.55,2,5.6,3,22.15,5,4.43,0.0,0.7471783295711062,0.2528216704288939,2,0.8157198119779512,0.7471783295711062,0.2528216704288939,0.4943566591422123,puzzle_spatial
76561199130234193,14.0,5,30.616666666666667,7,63.36666666666667,17,107.98333333333333,29,3.7235632183908045,0.1296496372897052,0.2835314091680815,0.5868189535422133,3,1.3489678992591012,0.5868189535422133,0.2835314091680815,0.30328754437413175,puzzle_logic
76561199132079866,1.7,1,12.066666666666666,2,0.0,0,13.766666666666666,3,4.588888888888889,0.12348668280871672,0.8765133171912833,0.0,2,0.5393008683572986,0.8765133171912833,0.12348668280871672,0.7530266343825667,puzzle_spatial
76561199137606321,4.233333333333333,2,1.0,1,0.0,0,5.233333333333333,3,1.7444444444444445,0.8089171974522293,0.19108280254777069,0.0,2,0.7037311113864001,0.8089171974522293,0.19108280254777069,0.6178343949044587,puzzle_narrative
76561199149228225,13.2,3,35.31666666666666,4,7.316666666666666,2,55.83333333333333,9,6.203703703703703,0.2364179104477612,0.6325373134328358,0.131044776119403,3,1.2940608952994521,0.6325373134328358,0.2364179104477612,0.39611940298507464,puzzle_spatial
76561199183820667,7.083333333333333,3,22.2,3,60.6,15,89.88333333333333,21,4.28015873015873,0.07880585944743186,0.2469868347858335,0.6742073057667347,3,1.1706073769837018,0.6742073057667347,0.2469868347858335,0.4272204709809012,puzzle_logic
76561199185990766,10.216666666666667,2,4.5,2,0.3333333333333333,1,15.05,5,3.0100000000000002,0.6788482834994463,0.2990033222591362,0.022148394241417495,3,1.0219028931575795,0.6788482834994463,0.2990033222591362,0.3798449612403101,puzzle_narrative
76561199186263893,0.0,0,41.016666666666666,2,8.916666666666668,2,49.93333333333334,4,12.483333333333334,0.0,0.8214285714285714,0.17857142857142858,2,0.676941869780886,0.8214285714285714,0.17857142857142858,0.6428571428571428,puzzle_spatial
76561199189774256,3.9333333333333336,2,15.383333333333335,3,4.0,1,23.31666666666667,6,3.8861111111111115,0.1686919228020014,0.6597569692637598,0.17155110793423872,3,1.2652767777276634,0.6597569692637598,0.17155110793423872,0.4882058613295211,puzzle_spatial
76561199190946882,1.7666666666666666,1,5.383333333333333,2,6.083333333333333,1,13.233333333333333,4,3.308333333333333,0.13350125944584385,0.40680100755667503,0.4596977329974811,3,1.4311307495674788,0.4596977329974811,0.40680100755667503,0.05289672544080609,puzzle_logic
76561199200882691,6.35,4,50.483333333333334,3,0.5833333333333333,2,57.41666666666667,9,6.37962962962963,0.11059506531204642,0.8792452830188678,0.01015965166908563,3,0.5818307284232321,0.8792452830188678,0.11059506531204642,0.7686502177068214,puzzle_spatial
76561199202516265,0.7833333333333333,1,11.283333333333333,1,1.2333333333333334,3,13.3,5,2.66,0.05889724310776942,0.8483709273182957,0.09273182957393483,3,0.7600389649871779,0.8483709273182957,0.09273182957393483,0.7556390977443608,puzzle_spatial
76561199208519382,0.1,1,10.733333333333334,2,17.6,8,28.433333333333337,11,2.5848484848484854,0.003516998827667057,0.3774912075029308,0.618991793669402,3,0.9875740095406425,0.618991793669402,0.3774912075029308,0.24150058616647124,puzzle_logic
76561199218099483,95.83333333333333,1,43.2,2,7.05,1,146.08333333333334,4,36.520833333333336,0.6560182544209925,0.2957216200798631,0.04826012549914432,3,1.1298143081646972,0.6560182544209925,0.2957216200798631,0.3602966343411294,puzzle_narrative
76561199229443002,2.8833333333333333,1,9.200000000000001,3,3.533333333333333,1,15.616666666666667,5,3.1233333333333335,0.1846318036286019,0.5891141942369265,0.2262540021344717,3,1.384802441618524,0.5891141942369265,0.2262540021344717,0.3628601921024548,puzzle_spatial
76561199241211928,0.0,0,14.583333333333334,1,0.0,0,14.583333333333334,1,14.583333333333334,0.0,1.0,0.0,1,-0.0,1.0,0.0,1.0,puzzle_spatial
76561199241372813,20.583333333333336,2,15.116666666666667,1,6.366666666666667,2,42.06666666666667,5,8.413333333333334,0.4893026941362916,0.3593502377179081,0.15134706814580032,3,1.4474430578343733,0.4893026941362916,0.3593502377179081,0.12995245641838354,puzzle_narrative
76561199243141822,0.0,0,27.450000000000003,2,191.38333333333333,1,218.83333333333331,3,72.94444444444444,0.0,0.12543792840822546,0.8745620715917746,2,0.5447926001041203,0.8745620715917746,0.12543792840822546,0.7491241431835491,puzzle_logic
76561199247350187,0.0,0,14.316666666666666,1,0.0,0,14.316666666666666,1,14.316666666666666,0.0,1.0,0.0,1,-0.0,1.0,0.0,1.0,puzzle_spatial
76561199278279123,0.0,0,13.966666666666667,2,0.0,0,13.966666666666667,2,6.983333333333333,0.0,1.0,0.0,1,-0.0,1.0,0.0,1.0,puzzle_spatial
76561199296804744,0.0,0,5.55,1,0.0,0,5.55,1,5.55,0.0,1.0,0.0,1,-0.0,1.0,0.0,1.0,puzzle_spatial
76561199362913608,4.65,1,88.85,2,4.833333333333334,3,98.33333333333333,6,16.38888888888889,0.04728813559322034,0.9035593220338983,0.049152542372881365,3,0.5540248560267285,0.9035593220338983,0.049152542372881365,0.854406779661017,puzzle_spatial
76561199365885214,0.0,0,11.316666666666666,2,0.0,0,11.316666666666666,2,5.658333333333333,0.0,1.0,0.0,1,-0.0,1.0,0.0,1.0,puzzle_spatial
76561199373012529,0.08333333333333333,1,16.716666666666665,2,7.916666666666667,1,24.716666666666665,4,6.179166666666666,0.0033715441672285905,0.6763317599460553,0.32029669588671617,3,0.935366194803146,0.6763317599460553,0.32029669588671617,0.35603506405933916,puzzle_spatial
76561199375671370,2.783333333333333,2,7.449999999999999,3,2.783333333333333,1,13.016666666666666,6,2.1694444444444443,0.21382842509603073,0.5723431498079385,0.21382842509603073,3,1.41250293768708,0.5723431498079385,0.21382842509603073,0.3585147247119078,puzzle_spatial
76561199377104400,8.283333333333333,1,3.75,2,1.6666666666666667,1,13.7,4,3.425,0.6046228710462287,0.2737226277372263,0.12165450121654503,3,1.320262099913116,0.6046228710462287,0.2737226277372263,0.3309002433090024,puzzle_narrative
76561199378979916,0.0,0,3.35,1,2.85,2,6.2,3,2.066666666666667,0.0,0.5403225806451613,0.4596774193548387,2,0.9953035154831573,0.5403225806451613,0.4596774193548387,0.08064516129032256,puzzle_spatial
76561199379291170,0.0,0,64.13333333333334,2,0.0,0,64.13333333333334,2,32.06666666666667,0.0,1.0,0.0,1,-0.0,1.0,0.0,1.0,puzzle_spatial
76561199386513701,84.66666666666667,39,81.95,12,282.25,20,448.8666666666667,71,6.32206572769953,0.18862319916827566,0.18257091935244318,0.6288058814792812,3,1.3227074894470991,0.6288058814792812,0.18862319916827566,0.44018268231100555,puzzle_logic
76561199387354949,0.0,0,17.866666666666667,2,30.25,2,48.11666666666667,4,12.029166666666667,0.0,0.3713197090405265,0.6286802909594735,2,0.951680013346622,0.6286802909594735,0.3713197090405265,0.257360581918947,puzzle_logic
76561199404118052,0.0,0,7.116666666666666,2,0.0,0,7.116666666666666,2,3.558333333333333,0.0,1.0,0.0,1,-0.0,1.0,0.0,1.0,puzzle_spatial
76561199404580646,8.166666666666666,4,18.55,6,3.3666666666666667,1,30.083333333333336,11,2.734848484848485,0.2714681440443213,0.6166204986149584,0.11191135734072022,3,1.294383638611806,0.6166204986149584,0.2714681440443213,0.3451523545706371,puzzle_spatial
76561199407033309,2.766666666666667,2,26.01666666666667,2,25.8,6,54.583333333333336,10,5.458333333333334,0.050687022900763365,0.47664122137404585,0.4726717557251908,3,1.238609247732739,0.47664122137404585,0.4726717557251908,0.003969465648855031,puzzle_spatial
76561199437584070,0.0,0,9.683333333333334,2,0.0,0,9.683333333333334,2,4.841666666666667,0.0,1.0,0.0,1,-0.0,1.0,0.0,1.0,puzzle_spatial
76561199442723717,0.0,0,10.45,1,1.6333333333333333,2,12.083333333333332,3,4.027777777777778,0.0,0.8648275862068966,0.13517241379310346,2,0.571454800777926,0.8648275862068966,0.13517241379310346,0.7296551724137932,puzzle_spatial
76561199467345363,2.283333333333333,1,48.93333333333334,2,14.183333333333334,6,65.4,9,7.2666666666666675,0.034913353720693166,0.7482161060142711,0.21687054026503566,3,0.9603115503609261,0.7482161060142711,0.21687054026503566,0.5313455657492354,puzzle_spatial
76561199471848888,21.78333333333333,4,7.216666666666667,1,0.0,0,29.0,5,5.8,0.7511494252873563,0.24885057471264369,0.0,2,0.8094512404537326,0.7511494252873563,0.24885057471264369,0.5022988505747126,puzzle_narrative
76561199479872927,0.0,0,11.4,3,0.0,0,11.4,3,3.8000000000000003,0.0,1.0,0.0,1,-0.0,1.0,0.0,1.0,puzzle_spatial
76561199495383172,0.5666666666666667,2,41.016666666666666,3,3.15,1,44.733333333333334,6,7.455555555555556,0.012667660208643815,0.9169150521609538,0.07041728763040238,3,0.4641355053172381,0.9169150521609538,0.07041728763040238,0.8464977645305515,puzzle_spatial
76561199496950080,7.633333333333334,1,11.833333333333332,2,7.616666666666666,1,27.083333333333332,4,6.770833333333333,0.28184615384615386,0.4369230769230769,0.28123076923076923,3,1.551565695462693,0.4369230769230769,0.28184615384615386,0.15507692307692306,puzzle_spatial
76561199500580493,2.6666666666666665,1,242.39999999999998,2,17.7,4,262.76666666666665,7,37.53809523809524,0.010148420652036028,0.9224914372700748,0.06736014207788912,3,0.4367431406870933,0.9224914372700748,0.06736014207788912,0.8551312951921857,puzzle_spatial
76561199508593287,0.0,0,3.0,2,5.016666666666667,1,8.016666666666666,3,2.672222222222222,0.0,0.37422037422037424,0.6257796257796259,2,0.9538575743230319,0.6257796257796259,0.37422037422037424,0.25155925155925163,puzzle_logic
76561199518971381,42.36666666666667,2,4.133333333333334,3,0.3833333333333333,3,46.88333333333333,8,5.860416666666667,0.9036615712762176,0.08816210451475294,0.008176324209029506,3,0.49765678551666853,0.9036615712762176,0.08816210451475294,0.8154994667614647,puzzle_narrative
76561199520350248,46.483333333333334,2,25.21666666666667,3,16.866666666666667,6,88.56666666666666,11,8.05151515151515,0.5248400451637185,0.28471960858110656,0.19044034625517503,3,1.4597950047139676,0.5248400451637185,0.28471960858110656,0.24012043658261195,puzzle_narrative
76561199520717226,9.05,4,29.983333333333334,2,0.3666666666666667,2,39.4,8,4.925,0.22969543147208124,0.7609983079526227,0.00930626057529611,3,0.8501156234900513,0.7609983079526227,0.22969543147208124,0.5313028764805414,puzzle_spatial
76561199528241120,0.43333333333333335,1,58.25,2,0.0,0,58.68333333333333,3,19.56111111111111,0.007384265833570009,0.99261573416643,0.0,2,0.06290423498436092,0.99261573416643,0.007384265833570009,0.98523146833286,puzzle_spatial
76561199529390415,19.783333333333335,3,14.233333333333333,1,0.65,1,34.666666666666664,5,6.933333333333333,0.570673076923077,0.41057692307692306,0.018750000000000003,3,1.096686954871498,0.570673076923077,0.41057692307692306,0.16009615384615394,puzzle_narrative
76561199546708875,0.0,0,9.65,1,0.0,0,9.65,1,9.65,0.0,1.0,0.0,1,-0.0,1.0,0.0,1.0,puzzle_spatial
76561199547030407,14.9,4,13.5,2,15.950000000000001,5,44.35,11,4.031818181818182,0.3359639233370913,0.30439684329199546,0.3596392333709132,3,1.5816211239600921,0.3596392333709132,0.3359639233370913,0.023675310033821895,puzzle_logic
76561199552924653,0.0,0,10.383333333333333,3,0.25,1,10.633333333333333,4,2.658333333333333,0.0,0.9764890282131662,0.023510971786833857,2,0.1607238945359023,0.9764890282131662,0.023510971786833857,0.9529780564263324,puzzle_spatial
76561199554677557,0.0,0,35.266666666666666,2,1.6666666666666665,2,36.93333333333333,4,9.233333333333333,0.0,0.9548736462093863,0.04512635379061372,2,0.2653216710082357,0.9548736462093863,0.04512635379061372,0.9097472924187726,puzzle_spatial
76561199556464953,0.0,0,18.366666666666667,2,12.7,1,31.066666666666666,3,10.355555555555556,0.0,0.5912017167381974,0.40879828326180256,2,0.9758651503864009,0.5912017167381974,0.40879828326180256,0.18240343347639487,puzzle_spatial
76561199576303315,0.0,0,5.833333333333333,1,3.4000000000000004,2,9.233333333333334,3,3.077777777777778,0.0,0.6317689530685919,0.36823104693140796,2,0.9493041535879967,0.6317689530685919,0.36823104693140796,0.263537906137184,puzzle_spatial
76561199582998630,4.05,4,48.71666666666667,6,10.466666666666667,4,63.233333333333334,14,4.516666666666667,0.06404849762783342,0.7704269899841856,0.16552451238798102,3,0.9733377579989193,0.7704269899841856,0.16552451238798102,0.6049024775962045,puzzle_spatial
76561199588540862,0.0,0,87.03333333333333,2,14.583333333333334,5,101.61666666666666,7,14.516666666666666,0.0,0.8564867967853043,0.14351320321469577,2,0.5933661376537804,0.8564867967853043,0.14351320321469577,0.7129735935706085,puzzle_spatial
76561199599816543,2.9,1,15.8,3,0.0,0,18.7,4,4.675,0.15508021390374332,0.8449197860962567,0.0,2,0.6224088605791775,0.8449197860962567,0.15508021390374332,0.6898395721925135,puzzle_spatial
76561199614963063,0.2,2,19.0,2,0.0,0,19.2,4,4.8,0.010416666666666668,0.9895833333333334,0.0,2,0.08354288831032233,0.9895833333333334,0.010416666666666668,0.9791666666666667,puzzle_spatial
76561199623707095,1.4,1,11.416666666666668,3,13.533333333333333,8,26.35,12,2.1958333333333333,0.05313092979127134,0.433270082226439,0.5135989879822896,3,1.241498217764074,0.5135989879822896,0.433270082226439,0.08032890575585067,puzzle_logic
76561199634781575,0.0,0,12.483333333333333,1,1.5333333333333332,2,14.016666666666666,3,4.672222222222222,0.0,0.8906064209274673,0.10939357907253269,2,0.4980840956144192,0.8906064209274673,0.10939357907253269,0.7812128418549347,puzzle_spatial
76561199641760688,0.016666666666666666,1,5.816666666666666,1,0.0,0,5.833333333333333,2,2.9166666666666665,0.002857142857142857,0.9971428571428571,0.0,2,0.028262409126132773,0.9971428571428571,0.002857142857142857,0.9942857142857142,puzzle_spatial
76561199658816261,0.0,0,14.133333333333333,1,0.0,0,14.133333333333333,1,14.133333333333333,0.0,1.0,0.0,1,-0.0,1.0,0.0,1.0,puzzle_spatial
76561199668649371,24.55,2,10.783333333333333,2,18.9,3,54.233333333333334,7,7.747619047619048,0.4526736324523663,0.1988322065150584,0.34849416103257524,3,1.5109543741109281,0.4526736324523663,0.34849416103257524,0.10417947141979106,puzzle_narrative
76561199700302930,0.0,0,21.8,2,0.0,0,21.8,2,10.9,0.0,1.0,0.0,1,-0.0,1.0,0.0,1.0,puzzle_spatial
76561199700704584,0.0,0,24.0,2,0.0,0,24.0,2,12.0,0.0,1.0,0.0,1,-0.0,1.0,0.0,1.0,puzzle_spatial
76561199731916506,1.9166666666666665,2,19.216666666666665,2,0.0,0,21.133333333333333,4,5.283333333333333,0.09069400630914826,0.9093059936908516,0.0,2,0.4387820872757669,0.9093059936908516,0.09069400630914826,0.8186119873817034,puzzle_spatial
76561199752564934,0.0,0,8.866666666666667,2,0.0,0,8.866666666666667,2,4.433333333333334,0.0,1.0,0.0,1,-0.0,1.0,0.0,1.0,puzzle_spatial
76561199752899195,0.0,0,29.833333333333336,2,0.95,1,30.783333333333335,3,10.261111111111111,0.0,0.969139144558744,0.030860855441256087,2,0.19869080287264498,0.969139144558744,0.030860855441256087,0.9382782891174879,puzzle_spatial
76561199761625258,13.633333333333333,7,3.466666666666667,1,0.5833333333333334,3,17.683333333333334,11,1.6075757575757577,0.770970782280867,0.19604147031102734,0.03298774740810556,3,0.9125197609781281,0.770970782280867,0.19604147031102734,0.5749293119698397,puzzle_narrative
76561199761815865,0.3333333333333333,1,10.350000000000001,2,1.15,2,11.833333333333336,5,2.366666666666667,0.028169014084507036,0.8746478873239436,0.09718309859154926,3,0.6409092102084389,0.8746478873239436,0.09718309859154926,0.7774647887323943,puzzle_spatial
76561199779951007,20.6,2,41.6,5,0.5666666666666667,2,62.76666666666667,9,6.974074074074075,0.32819968135953265,0.6627721720658524,0.009028146574614974,3,0.9821454903039546,0.6627721720658524,0.32819968135953265,0.3345724907063197,puzzle_spatial
76561199784819245,0.3,1,10.7,2,0.0,0,11.0,3,3.6666666666666665,0.02727272727272727,0.9727272727272727,0.0,2,0.18052466764205796,0.9727272727272727,0.02727272727272727,0.9454545454545454,puzzle_spatial
76561199790173584,14.616666666666665,2,9.166666666666668,2,0.06666666666666667,2,23.849999999999998,6,3.9749999999999996,0.6128581411600279,0.3843466107617052,0.0027952480782669465,3,0.9868330691790487,0.6128581411600279,0.3843466107617052,0.22851153039832273,puzzle_narrative
76561199790956354,0.0,0,23.983333333333334,3,9.816666666666666,4,33.8,7,4.828571428571428,0.0,0.7095660749506905,0.2904339250493097,2,0.8692811165568759,0.7095660749506905,0.2904339250493097,0.41913214990138076,puzzle_spatial
76561199793639791,0.43333333333333335,1,9.7,1,0.0,0,10.133333333333333,2,5.066666666666666,0.04276315789473684,0.9572368421052632,0.0,2,0.2548207992260039,0.9572368421052632,0.04276315789473684,0.9144736842105263,puzzle_spatial
76561199797501568,0.0,0,6.333333333333333,1,0.0,0,6.333333333333333,1,6.333333333333333,0.0,1.0,0.0,1,-0.0,1.0,0.0,1.0,puzzle_spatial
76561199814229495,0.0,0,3.65,1,0.0,0,3.65,1,3.65,0.0,1.0,0.0,1,-0.0,1.0,0.0,1.0,puzzle_spatial
76561199820702836,13.0,3,20.416666666666664,2,16.7,1,50.11666666666666,6,8.352777777777776,0.2593947455936149,0.40738277352843366,0.3332224808779515,3,1.561071186820274,0.40738277352843366,0.3332224808779515,0.07416029265048218,puzzle_spatial
76561199821666213,0.0,0,15.85,3,0.0,0,15.85,3,5.283333333333333,0.0,1.0,0.0,1,-0.0,1.0,0.0,1.0,puzzle_spatial
76561199823240584,0.0,0,14.983333333333334,3,0.0,0,14.983333333333334,3,4.9944444444444445,0.0,1.0,0.0,1,-0.0,1.0,0.0,1.0,puzzle_spatial
76561199823480966,0.0,0,11.433333333333334,2,0.0,0,11.433333333333334,2,5.716666666666667,0.0,1.0,0.0,1,-0.0,1.0,0.0,1.0,puzzle_spatial
76561199825432400,9.416666666666666,1,28.21666666666667,2,0.0,0,37.63333333333333,3,12.544444444444444,0.2502214348981399,0.7497785651018601,0.0,2,0.8116289018654445,0.7497785651018601,0.2502214348981399,0.4995571302037202,puzzle_spatial
76561199825489062,20.75,2,9.25,2,0.0,0,30.0,4,7.5,0.6916666666666667,0.30833333333333335,0.0,2,0.8912402011913028,0.6916666666666667,0.30833333333333335,0.3833333333333333,puzzle_narrative
76561199829157304,0.0,0,20.466666666666665,1,0.0,0,20.466666666666665,1,20.466666666666665,0.0,1.0,0.0,1,-0.0,1.0,0.0,1.0,puzzle_spatial
76561199841741820,1.15,1,6.533333333333333,2,1.2833333333333334,1,8.966666666666667,4,2.2416666666666667,0.12825278810408922,0.7286245353159851,0.14312267657992567,3,1.1142188494630132,0.7286245353159851,0.14312267657992567,0.5855018587360594,puzzle_spatial
76561199842536358,0.0,0,12.55,2,0.0,0,12.55,2,6.275,0.0,1.0,0.0,1,-0.0,1.0,0.0,1.0,puzzle_spatial
76561199843251769,44.85,8,10.633333333333333,2,0.0,0,55.483333333333334,10,5.548333333333334,0.8083508561129469,0.19164914388705315,0.0,2,0.7049086217277217,0.8083508561129469,0.19164914388705315,0.6167017122258938,puzzle_narrative
76561199843879700,0.0,0,28.916666666666668,2,0.18333333333333332,1,29.1,3,9.700000000000001,0.0,0.9936998854524628,0.006300114547537227,2,0.05511684898003186,0.9936998854524628,0.006300114547537227,0.9873997709049256,puzzle_spatial
76561199848161678,9.75,2,10.600000000000001,2,0.0,0,20.35,4,5.0875,0.4791154791154791,0.5208845208845209,0.0,2,0.9987411327955534,0.5208845208845209,0.4791154791154791,0.04176904176904178,puzzle_spatial
76561199850854007,19.983333333333334,2,53.733333333333334,4,0.4666666666666667,1,74.18333333333334,7,10.597619047619048,0.2693776679397888,0.7243316108739609,0.006290721186250281,3,0.8927594358801655,0.7243316108739609,0.2693776679397888,0.45495394293417213,puzzle_spatial
76561199861637002,0.55,1,4.783333333333333,1,0.0,0,5.333333333333333,2,2.6666666666666665,0.10312500000000001,0.896875,0.0,2,0.4788240514662644,0.896875,0.10312500000000001,0.79375,puzzle_spatial
76561199863834687,4.9833333333333325,2,26.766666666666666,1,28.416666666666664,3,60.166666666666664,6,10.027777777777777,0.08282548476454292,0.4448753462603878,0.47229916897506924,3,1.3286404784373569,0.47229916897506924,0.4448753462603878,0.027423822714681412,puzzle_logic
76561199864592327,5.266666666666667,1,17.25,4,0.0,0,22.516666666666666,5,4.503333333333333,0.23390081421169504,0.7660991857883049,0.0,2,0.784749564326287,0.7660991857883049,0.23390081421169504,0.5321983715766099,puzzle_spatial
76561199866204492,0.7166666666666667,1,33.71666666666667,5,14.7,2,49.13333333333334,8,6.1416666666666675,0.014586160108548166,0.6862279511533242,0.2991858887381275,3,0.9825998520885129,0.6862279511533242,0.2991858887381275,0.38704206241519673,puzzle_spatial
76561199881145326,0.75,2,16.933333333333334,2,7.516666666666667,1,25.2,5,5.04,0.029761904761904764,0.671957671957672,0.2982804232804233,3,1.0568875001578897,0.671957671957672,0.2982804232804233,0.37367724867724866,puzzle_spatial
76561199884201587,0.0,0,5.233333333333333,1,14.833333333333334,1,20.066666666666666,2,10.033333333333333,0.0,0.260797342192691,0.739202657807309,2,0.8279471907449035,0.739202657807309,0.260797342192691,0.47840531561461797,puzzle_logic
76561199887336948,0.3333333333333333,1,18.95,2,0.0,0,19.28333333333333,3,6.427777777777777,0.01728608470181504,0.982713915298185,0.0,2,0.1259187267926817,0.982713915298185,0.01728608470181504,0.9654278305963699,puzzle_spatial
