steamid,hours_combat_shooter,games_combat_shooter,hours_combat_fighting,games_combat_fighting,hours_combat_action,games_combat_action,total_playtime,num_games,avg_playtime_per_game,combat_shooter,combat_fighting,combat_action,diversity,entropy,dominance,second_max,gap,target
76561197964163072,3963.633333333333,127,38.33333333333333,10,3026.2833333333338,54,7028.25,191,36.797120418848166,0.5639573625487615,0.005454178968211622,0.4305884584830269,3,1.0304597486351585,0.5639573625487615,0.4305884584830269,0.1333689040657346,combat_shooter
76561197970087759,4630.583333333333,84,145.46666666666667,10,10279.183333333334,37,15055.233333333334,131,114.92544529262086,0.30757300340745297,0.009662199412385948,0.6827647971801611,3,0.9637436532709547,0.6827647971801611,0.30757300340745297,0.37519179377270817,combat_action
76561197993572531,2970.9166666666665,246,1008.6666666666666,111,7043.733333333334,452,11023.316666666666,809,13.625854964977338,0.2695120494587987,0.09150301104174637,0.638984939499455,3,1.2383695900939788,0.638984939499455,0.2695120494587987,0.3694728900406563,combat_action
76561198002012416,382.3833333333333,21,73.91666666666667,10,371.8833333333333,28,828.1833333333334,59,14.037005649717516,0.4617133887424282,0.08925157473184278,0.44903503652572896,3,1.3445878336350747,0.4617133887424282,0.44903503652572896,0.012678352216699218,combat_shooter
76561198009405343,529.5833333333334,18,58.83333333333333,3,231.9,23,820.3166666666667,44,18.643560606060607,0.6455840224303623,0.0717202706271968,0.2826957069424409,3,1.195478298617836,0.6455840224303623,0.2826957069424409,0.3628883154879214,combat_shooter
76561198016136462,1192.3833333333334,34,135.6,5,93.81666666666666,7,1421.8,46,30.90869565217391,0.8386435035401135,0.09537206358137572,0.0659844328785108,3,0.7950188462370937,0.8386435035401135,0.09537206358137572,0.7432714399587378,combat_shooter
76561198021094241,3813.4666666666667,163,180.85,21,637.3166666666667,113,4631.633333333333,297,15.594725028058361,0.8233524530583164,0.03904670058798552,0.13760084635369813,3,0.8073052684784716,0.8233524530583164,0.13760084635369813,0.6857516067046183,combat_shooter
76561198054080295,2952.0833333333335,57,793.9333333333334,10,1438.1333333333334,29,5184.150000000001,96,54.001562500000006,0.5694440425785005,0.1531462888483808,0.2774096685731187,3,1.3903541825758214,0.5694440425785005,0.2774096685731187,0.29203437400538174,combat_shooter
76561198057419230,37.06666666666667,13,11.333333333333332,5,123.3,19,171.7,37,4.64054054054054,0.21588041157056886,0.066006600660066,0.7181129877693652,3,1.0793448549059699,0.7181129877693652,0.21588041157056886,0.5022325761987962,combat_action
76561198067629039,221.7,16,464.01666666666665,26,2548.2166666666667,57,3233.9333333333334,99,32.665993265993265,0.06855428889484425,0.14348368344018636,0.7879620276649694,3,0.9378792985681631,0.7879620276649694,0.14348368344018636,0.644478344224783,combat_action
76561198070677644,7140.55,231,725.1166666666667,48,1662.3166666666666,196,9527.983333333334,475,20.058912280701755,0.7494293126037515,0.07610389746693512,0.17446678992931347,3,1.0341352739920642,0.7494293126037515,0.17446678992931347,0.5749625226744379,combat_shooter
76561198079201794,2407.616666666667,51,30.933333333333334,6,421.8,32,2860.3500000000004,89,32.13876404494383,0.8417210015091393,0.010814527359705397,0.14746447113115527,3,0.6871005681039298,0.8417210015091393,0.14746447113115527,0.6942565303779841,combat_shooter
76561198090208789,16460.783333333333,28,190.85,6,2825.366666666667,23,19477.0,57,341.70175438596493,0.845139566326094,0.009798736971812907,0.14506169670209307,3,0.6745714725798748,0.845139566326094,0.14506169670209307,0.7000778696240009,combat_shooter
76561198090781234,3162.766666666667,45,75.3,7,423.55,17,3661.6166666666672,69,53.06690821256039,0.8637623636189843,0.020564686818663882,0.11567294956235177,3,0.6577055044502584,0.8637623636189843,0.11567294956235177,0.7480894140566325,combat_shooter
76561198110543020,3383.2166666666667,68,137.06666666666666,11,885.95,31,4406.233333333334,110,40.05666666666667,0.7678251265253012,0.031107446269300308,0.2010674272053984,3,0.9137192519451844,0.7678251265253012,0.2010674272053984,0.5667576993199028,combat_shooter
76561198111573586,429.06666666666666,29,769.0333333333333,17,215.85,20,1413.9499999999998,66,21.423484848484847,0.3034525030352323,0.5438900479743508,0.15265744899041694,3,1.4138965344334244,0.5438900479743508,0.3034525030352323,0.2404375449391185,combat_fighting
76561198119630343,2333.366666666667,31,67.88333333333333,4,937.4833333333333,15,3338.7333333333336,50,66.77466666666668,0.6988778179349454,0.020332062059463665,0.28079012000559095,3,0.990039561504829,0.6988778179349454,0.28079012000559095,0.41808769792935446,combat_shooter
76561198149690895,1956.3666666666668,32,83.68333333333334,7,3988.883333333333,27,6028.933333333333,66,91.34747474747475,0.324496317756596,0.013880288387111042,0.661623393856293,3,1.00681903568181,0.661623393856293,0.324496317756596,0.337127076099697,combat_action
76561198151033409,67.05,11,5.716666666666667,1,110.65,11,183.41666666666669,23,7.974637681159421,0.36556110858700586,0.0311676510676965,0.6032712403452976,3,1.1265420914221858,0.6032712403452976,0.36556110858700586,0.2377101317582917,combat_action
76561198192648407,683.0833333333334,9,47.2,1,8.55,6,738.8333333333334,16,46.177083333333336,0.9245431987367472,0.06388450259418002,0.011572298669072863,3,0.4326119304019791,0.9245431987367472,0.06388450259418002,0.8606586961425672,combat_shooter
76561198208272697,241.31666666666666,13,2143.483333333333,30,586.4333333333334,24,2971.233333333333,67,44.34676616915423,0.08121767616141445,0.7214119838002176,0.19737034003836795,3,1.0960845589681394,0.7214119838002176,0.19737034003836795,0.5240416437618497,combat_fighting
76561198215471111,730.6833333333333,40,120.63333333333334,7,1111.4666666666667,46,1962.7833333333333,93,21.10519713261649,0.37226897178326696,0.061460341182164785,0.5662706870345683,3,1.2426179397221109,0.5662706870345683,0.37226897178326696,0.19400171525130133,combat_action
76561198217774529,973.8833333333333,50,8.766666666666666,3,165.06666666666666,19,1147.7166666666667,72,15.94050925925926,0.8485398544937048,0.007638354413836167,0.14382179109245893,3,0.6571371769175198,0.8485398544937048,0.14382179109245893,0.7047180634012459,combat_shooter
76561198234335792,4656.133333333333,75,458.41666666666663,27,404.25,50,5518.8,152,36.30789473684211,0.8436858254209851,0.08306455509651856,0.0732496194824962,3,0.7812878483557659,0.8436858254209851,0.08306455509651856,0.7606212703244666,combat_shooter
76561198249570110,45.68333333333334,16,262.9166666666667,9,29.78333333333333,13,338.3833333333333,38,8.904824561403508,0.13500467911146138,0.776978771610107,0.08801654927843175,3,0.9814721092397398,0.776978771610107,0.13500467911146138,0.6419740924986456,combat_fighting
76561198261188424,3656.75,52,25.266666666666666,6,285.71666666666664,28,3967.7333333333336,86,46.13643410852713,0.9216219167954836,0.006368035486255796,0.07201004771826063,3,0.42830373160912444,0.9216219167954836,0.07201004771826063,0.849611869077223,combat_shooter
76561198262757188,4548.266666666666,60,109.45,9,443.48333333333335,26,5101.2,95,53.69684210526316,0.8916072035338091,0.02145573590527719,0.08693706056091378,3,0.5728531203621503,0.8916072035338091,0.08693706056091378,0.8046701429728953,combat_shooter
76561198271859829,1870.5666666666666,46,59.46666666666667,1,379.46666666666664,28,2309.5,75,30.793333333333333,0.809944432416829,0.025748719058959372,0.16430684852421157,3,0.8103522485093755,0.809944432416829,0.16430684852421157,0.6456375838926174,combat_shooter
76561198273281065,1469.8666666666666,39,2.4000000000000004,3,308.6666666666667,17,1780.9333333333334,59,30.18531073446328,0.8253350303211798,0.001347607995807442,0.17331736168301265,3,0.6796600402791095,0.8253350303211798,0.17331736168301265,0.6520176686381671,combat_shooter
76561198294701020,4072.9333333333334,63,143.88333333333333,12,717.6,109,4934.416666666667,184,26.817481884057973,0.8254133382872004,0.029159137351595085,0.14542752436120446,3,0.7817179340838074,0.8254133382872004,0.14542752436120446,0.679985813925996,combat_shooter
76561198301672671,2817.55,70,80.08333333333334,6,259.96666666666664,56,3157.6000000000004,132,23.921212121212125,0.8923074486952115,0.02536208935056161,0.08233046195422682,3,0.5777227152742606,0.8923074486952115,0.08233046195422682,0.8099769867409847,combat_shooter
76561198318128729,83.81666666666668,4,1.9,1,25.599999999999998,3,111.31666666666668,8,13.914583333333335,0.7529570294954334,0.017068423416679142,0.22997454708788737,3,0.8961161035659322,0.7529570294954334,0.22997454708788737,0.5229824824075461,combat_shooter
76561198321959737,3174.7999999999997,74,133.36666666666667,19,251.1,87,3559.2666666666664,180,19.773703703703703,0.8919814943153084,0.03747026541047782,0.07054824027421379,3,0.5945031371011287,0.8919814943153084,0.07054824027421379,0.8214332540410946,combat_shooter
76561198348540244,1220.95,6,4.4,1,1265.05,1,2490.4,8,311.3,0.4902626084163187,0.0017667844522968198,0.5079706071313845,3,1.0167099261920347,0.5079706071313845,0.4902626084163187,0.017707998715065842,combat_action
76561198351063966,3281.0166666666664,35,82.63333333333333,4,2706.5499999999997,23,6070.199999999999,62,97.90645161290321,0.5405121193151242,0.013612950699043416,0.44587492998583245,3,1.083717321676905,0.5405121193151242,0.44587492998583245,0.09463718932929177,combat_shooter
76561198389287631,3727.4,36,7.966666666666667,2,36.38333333333333,11,3771.75,49,76.97448979591837,0.9882415324451514,0.0021121937208634367,0.009646273833985109,3,0.10022455065332045,0.9882415324451514,0.009646273833985109,0.9785952586111664,combat_shooter
76561198402634405,1567.3333333333333,7,0.016666666666666666,1,4.266666666666666,3,1571.6166666666666,11,142.87424242424242,0.9972745686501161,1.060479124468435e-05,0.0027148265586391927,3,0.027245537410019893,0.9972745686501161,0.0027148265586391927,0.9945597420914769,combat_shooter
76561198402842854,1083.4833333333333,22,0.0,0,2598.8333333333335,29,3682.3166666666666,51,72.20228758169935,0.2942395864921992,0.0,0.7057604135078008,2,0.8741350101683196,0.7057604135078008,0.2942395864921992,0.4115208270156016,combat_action
76561198408630774,558.6833333333333,27,7.083333333333333,3,308.78333333333336,22,874.55,52,16.81826923076923,0.6388237760372001,0.008099403502753797,0.3530768204600462,3,0.9995827284105454,0.6388237760372001,0.3530768204600462,0.2857469555771539,combat_shooter
76561198416904447,1101.3,17,158.48333333333335,3,37.300000000000004,7,1297.0833333333333,27,48.04012345679012,0.849058785737231,0.12218438805011245,0.028756826212656607,3,0.7182346160315631,0.849058785737231,0.12218438805011245,0.7268743976871186,combat_shooter
76561198419798999,1010.0333333333333,49,0.0,0,170.3,37,1180.3333333333333,86,13.724806201550386,0.8557187235244281,0.0,0.1442812764755719,2,0.5953421956180878,0.8557187235244281,0.1442812764755719,0.7114374470488563,combat_shooter
76561198438689701,123.81666666666666,9,2.933333333333333,1,127.05,5,253.8,15,16.92,0.48785132650380875,0.011557656947727868,0.5005910165484633,3,1.07927494623333,0.5005910165484633,0.48785132650380875,0.012739690044654528,combat_action
76561198439497587,2294.1333333333337,33,49.46666666666667,5,157.51666666666668,20,2501.1166666666672,58,43.122701149425296,0.9172436311780737,0.01977783256811957,0.06297853625380663,3,0.47747285899462505,0.9172436311780737,0.06297853625380663,0.854265094924267,combat_shooter
76561198443835056,442.3166666666666,11,0.0,0,7.1000000000000005,2,449.41666666666663,13,34.57051282051282,0.9842017430001854,0.0,0.01579825699981458,2,0.11714927816927183,0.9842017430001854,0.01579825699981458,0.9684034860003707,combat_shooter
76561198448604074,205.66666666666666,26,101.19999999999999,3,375.73333333333335,28,682.6,57,11.975438596491228,0.30129895497607184,0.14825666569000878,0.5504443793339193,3,1.403856666370929,0.5504443793339193,0.30129895497607184,0.24914542435784748,combat_action
76561198681768628,7.916666666666667,7,0.0,0,2.066666666666667,1,9.983333333333334,8,1.2479166666666668,0.7929883138564273,0.0,0.20701168614357263,2,0.7357317228110397,0.7929883138564273,0.20701168614357263,0.5859766277128546,combat_shooter
76561198688946192,1.7666666666666666,1,0.0,0,0.0,0,1.7666666666666666,1,1.7666666666666666,1.0,0.0,0.0,1,-0.0,1.0,0.0,1.0,combat_shooter
76561198698268684,2.716666666666667,3,0.0,0,0.0,0,2.716666666666667,3,0.9055555555555556,1.0,0.0,0.0,1,-0.0,1.0,0.0,1.0,combat_shooter
76561198722267029,2.9166666666666665,2,0.0,0,64.86666666666667,2,67.78333333333335,4,16.945833333333336,0.04302925989672977,0.0,0.9569707401032702,2,0.2560128711693512,0.9569707401032702,0.04302925989672977,0.9139414802065404,combat_action
76561198722776476,0.0,0,0.0,0,3.433333333333333,1,3.433333333333333,1,3.433333333333333,0.0,0.0,1.0,1,-0.0,1.0,0.0,1.0,combat_action
76561198734942039,0.0,0,18.066666666666666,1,26.666666666666668,1,44.733333333333334,2,22.366666666666667,0.0,0.40387481371087924,0.5961251862891207,2,0.973172136354,0.5961251862891207,0.40387481371087924,0.19225037257824146,combat_action
76561198735263241,173.5,9,38.65,5,57.13333333333333,8,269.28333333333336,22,12.240151515151517,0.6443027789812464,0.14352912050504424,0.2121681005137092,3,1.2851360656212494,0.6443027789812464,0.2121681005137092,0.4321346784675372,combat_shooter
76561198743664500,193.6,3,0.0,0,0.8333333333333334,1,194.43333333333334,4,48.608333333333334,0.9957140408023315,0.0,0.004285959197668439,2,0.039884129596606026,0.9957140408023315,0.004285959197668439,0.9914280816046631,combat_shooter
76561198750649660,247.95,10,0.8666666666666667,1,45.13333333333333,6,293.95,17,17.291176470588233,0.8435108011566593,0.0029483472245846803,0.15354085161875602,3,0.6469513628551107,0.8435108011566593,0.15354085161875602,0.6899699495379032,combat_shooter
76561198756090448,369.2,1,0.0,0,45.21666666666667,1,414.41666666666663,2,207.20833333333331,0.8908908103760306,0.0,0.10910918962396945,2,0.49722314433239456,0.8908908103760306,0.10910918962396945,0.7817816207520611,combat_shooter
76561198768578988,0.0,0,0.3333333333333333,1,1.5333333333333332,2,1.8666666666666665,3,0.6222222222222221,0.0,0.17857142857142858,0.8214285714285714,2,0.676941869780886,0.8214285714285714,0.17857142857142858,0.6428571428571428,combat_action
76561198772435366,949.6166666666667,9,0.0,0,3.816666666666667,2,953.4333333333334,11,86.67575757575759,0.9959969233996433,0.0,0.004003076600356606,2,0.03764684835367022,0.9959969233996433,0.004003076600356606,0.9919938467992867,combat_shooter
76561198783881312,8.233333333333333,5,19.75,1,5.15,1,33.13333333333333,7,4.733333333333333,0.24849094567404426,0.5960764587525151,0.15543259557344066,3,1.3615180222407348,0.5960764587525151,0.24849094567404426,0.34758551307847085,combat_fighting
76561198784632981,7.35,1,0.0,0,2.3666666666666667,1,9.716666666666667,2,4.858333333333333,0.7564322469982847,0.0,0.24356775300171526,2,0.8009231574877496,0.7564322469982847,0.24356775300171526,0.5128644939965694,combat_shooter
76561198799814214,1042.1333333333334,36,232.36666666666667,3,939.1833333333333,14,2213.6833333333334,53,41.767610062893084,0.47076892961203426,0.10496834084971503,0.42426272953825067,3,1.3778376094644122,0.47076892961203426,0.42426272953825067,0.04650620007378359,combat_shooter
76561198807861778,1353.6833333333334,30,38.900000000000006,3,99.48333333333333,8,1492.0666666666668,41,36.39186991869919,0.9072539207363388,0.026071221125061435,0.0666748581385997,3,0.5250487748247794,0.9072539207363388,0.0666748581385997,0.8405790625977391,combat_shooter
76561198813665474,900.75,28,238.8,12,1002.9333333333333,28,2142.483333333333,68,31.507107843137252,0.42042334051606783,0.1114594434806961,0.46811721600323614,3,1.390995431530301,0.46811721600323614,0.42042334051606783,0.0476938754871683,combat_action
76561198814167257,237.35,27,4.95,2,304.9666666666667,14,547.2666666666667,43,12.727131782945737,0.43370081617736633,0.00904495066390547,0.5572542331587282,3,1.054206989306985,0.5572542331587282,0.43370081617736633,0.12355341698136191,combat_action
76561198826956274,1122.6166666666668,28,278.55,10,151.98333333333335,15,1553.15,53,29.304716981132078,0.7227999012759017,0.17934520168689438,0.09785489703720397,3,1.1112690389778415,0.7227999012759017,0.17934520168689438,0.5434546995890073,combat_shooter
76561198833154411,1233.5833333333333,54,106.08333333333333,11,927.1999999999999,49,2266.8666666666663,114,19.884795321637423,0.5441799253007088,0.04679734141105197,0.4090227332882393,3,1.2119651090580583,0.5441799253007088,0.4090227332882393,0.1351571920124695,combat_shooter
76561198846653510,81.26666666666667,25,1085.2833333333333,11,768.3833333333333,34,1934.9333333333334,70,27.64190476190476,0.04199972436604189,0.5608892640573319,0.3971110115766262,3,1.1890904152653952,0.5608892640573319,0.3971110115766262,0.16377825248070566,combat_fighting
76561198849962442,119.89999999999999,21,36.03333333333333,4,288.43333333333334,15,444.3666666666667,40,11.109166666666667,0.26982221888830543,0.08108919060835645,0.6490885905033381,3,1.2085524307741624,0.6490885905033381,0.26982221888830543,0.3792663716150327,combat_action
76561198849975124,353.8666666666667,25,173.8,11,292.73333333333335,55,820.4000000000001,91,9.015384615384617,0.4313343084674142,0.21184787908337396,0.35681781244921174,3,1.5280625451877767,0.4313343084674142,0.35681781244921174,0.07451649601820248,combat_shooter
76561198856202641,4361.766666666666,43,67.78333333333333,4,677.9333333333333,17,5107.483333333334,64,79.80442708333334,0.8539952814334522,0.013271376313840148,0.1327333422527076,3,0.6639138543240087,0.8539952814334522,0.1327333422527076,0.7212619391807445,combat_shooter
76561198863254785,580.4,43,892.9,37,1157.3333333333333,33,2630.633333333333,113,23.27994100294985,0.2206312801733423,0.3394239663452401,0.43994475348141765,3,1.5313089542817475,0.43994475348141765,0.3394239663452401,0.10052078713617757,combat_action
76561198865761149,4936.766666666667,55,26.633333333333336,6,265.85,38,5229.250000000001,99,52.82070707070708,0.9440678236203407,0.005093145925961339,0.05083903045369795,3,0.3356908317151346,0.9440678236203407,0.05083903045369795,0.8932287931666427,combat_shooter
76561198866375958,6254.833333333334,43,243.73333333333335,8,122.18333333333334,13,6620.750000000001,64,103.44921875000001,0.9447318405518005,0.03681355334868909,0.018454606099510374,3,0.35915191801508667,0.9447318405518005,0.03681355334868909,0.9079182872031114,combat_shooter
76561198878881287,80.06666666666666,3,0.5,1,458.9666666666667,8,539.5333333333333,12,44.96111111111111,0.14839985172371184,0.0009267268009390832,0.8506734214753492,3,0.6162801891448221,0.8506734214753492,0.14839985172371184,0.7022735697516373,combat_action
76561198896959279,122.41666666666667,6,370.68333333333334,2,111.39999999999999,3,604.5,11,54.95454545454545,0.2025089605734767,0.6132065067548939,0.18428453267162942,3,1.3488729314564019,0.6132065067548939,0.2025089605734767,0.4106975461814172,combat_fighting
76561198902455098,339.2833333333333,10,265.8333333333333,6,481.54999999999995,13,1086.6666666666665,29,37.47126436781609,0.3122239263803681,0.2446319018404908,0.4431441717791411,3,1.541575492902842,0.4431441717791411,0.3122239263803681,0.130920245398773,combat_action
76561198970240859,871.1,14,0.0,0,112.08333333333334,11,983.1833333333334,25,39.327333333333335,0.8859995592548016,0.0,0.11400044074519843,2,0.511865807630738,0.8859995592548016,0.11400044074519843,0.7719991185096031,combat_shooter
76561198978278981,1264.3500000000001,24,943.1166666666667,8,204.76666666666668,13,2412.2333333333336,45,53.60518518518519,0.5241408376746307,0.39097240454903476,0.08488675777633452,3,1.3202527614577666,0.5241408376746307,0.39097240454903476,0.13316843312559595,combat_shooter
76561198979264617,21.4,4,91.86666666666667,3,323.6333333333333,4,436.9,11,39.71818181818182,0.04898146028839551,0.21026932173647672,0.7407492179751278,3,1.0068915654499024,0.7407492179751278,0.21026932173647672,0.5304798962386511,combat_action
76561198992448737,25.233333333333334,9,130.88333333333333,11,262.81666666666666,15,418.93333333333334,35,11.96952380952381,0.06023233609166136,0.31242043284532145,0.6273472310630172,3,1.190513380690145,0.6273472310630172,0.31242043284532145,0.3149267982176957,combat_action
76561198994072114,1141.4166666666667,21,217.31666666666666,12,620.4166666666666,16,1979.15,49,40.39081632653061,0.5767206460685985,0.10980302992025195,0.31347632401114955,3,1.3325166134463633,0.5767206460685985,0.31347632401114955,0.26324432205744897,combat_shooter
76561198999925392,2824.183333333333,9,36.516666666666666,1,62.25,5,2922.95,15,194.86333333333332,0.9662099363086379,0.012493086322607868,0.02129697736875417,3,0.24517260840341415,0.9662099363086379,0.02129697736875417,0.9449129589398838,combat_shooter
76561199014331670,615.1666666666666,43,34.78333333333333,8,450.93333333333334,46,1100.8833333333332,97,11.34931271477663,0.5587936959714169,0.03159583970447974,0.4096104643241034,3,1.1540929633785875,0.5587936959714169,0.4096104643241034,0.1491832316473135,combat_shooter
76561199026156214,489.4,6,0.0,0,29.683333333333334,8,519.0833333333333,14,37.07738095238095,0.9428158612939478,0.0,0.057184138706052344,2,0.3161640690785118,0.9428158612939478,0.057184138706052344,0.8856317225878955,combat_shooter
76561199033784787,1091.7666666666667,23,14.366666666666667,3,18.9,8,1125.0333333333333,34,33.08921568627451,0.9704305057627922,0.01276999200023703,0.016799502236970756,3,0.22140043595609077,0.9704305057627922,0.016799502236970756,0.9536310035258214,combat_shooter
76561199036842812,768.0166666666667,22,3.7333333333333334,4,51.53333333333333,14,823.2833333333333,40,20.582083333333333,0.9328704172318157,0.004534688341397251,0.06259489442678705,3,0.3790656916543654,0.9328704172318157,0.06259489442678705,0.8702755228050287,combat_shooter
76561199046671846,662.5833333333334,3,2.316666666666667,1,26.0,3,690.9000000000001,7,98.70000000000002,0.9590148115983982,0.003353114295363535,0.037632074106238235,3,0.2635350266245562,0.9590148115983982,0.037632074106238235,0.9213827374921599,combat_shooter
76561199049771754,843.3,24,52.083333333333336,9,199.13333333333333,20,1094.5166666666667,53,20.65125786163522,0.7704770751168705,0.04758569231472035,0.18193723256840919,3,0.9461849756019113,0.7704770751168705,0.18193723256840919,0.5885398425484613,combat_shooter
76561199051858004,1587.2166666666665,7,0.0,0,37.43333333333334,8,1624.6499999999999,15,108.30999999999999,0.9769591399173155,0.0,0.02304086008268448,2,0.158189491436529,0.9769591399173155,0.02304086008268448,0.9539182798346311,combat_shooter
76561199063609065,48.18333333333333,2,14.166666666666666,1,664.6666666666665,10,727.0166666666665,13,55.92435897435897,0.06627541780335161,0.019486027372137275,0.9142385548245111,3,0.48846538474638684,0.9142385548245111,0.06627541780335161,0.8479631370211596,combat_action
76561199064701575,824.9,16,459.3666666666667,14,484.48333333333335,32,1768.75,62,28.528225806451612,0.4663745583038869,0.2597126030624264,0.2739128386336867,3,1.5300879377332257,0.4663745583038869,0.2739128386336867,0.1924617196702002,combat_shooter
76561199068026988,769.2333333333332,8,69.95,5,113.05,8,952.2333333333332,21,45.34444444444444,0.8078202121328806,0.07345888612734974,0.11872090173976968,3,0.8904266583580893,0.8078202121328806,0.11872090173976968,0.6890993103931109,combat_shooter
76561199068622591,2361.766666666667,62,0.1,1,88.88333333333333,14,2450.75,77,31.82792207792208,0.9636913869903772,4.0803835560542694e-05,0.03626780917406236,3,0.22556203627766144,0.9636913869903772,0.03626780917406236,0.9274235778163148,combat_shooter
76561199070366974,165.41666666666669,19,0.0,0,128.63333333333333,18,294.05,37,7.947297297297298,0.5625460522586863,0.0,0.4374539477413138,2,0.9886827049008629,0.5625460522586863,0.4374539477413138,0.12509210451737246,combat_shooter
76561199081565391,76.03333333333333,12,128.03333333333333,5,57.66666666666667,9,261.73333333333335,26,10.066666666666666,0.29049923586347426,0.48917473255221594,0.22032603158430974,3,1.5035113936992994,0.48917473255221594,0.29049923586347426,0.19867549668874168,combat_fighting
76561199083616523,1881.7833333333333,23,3.683333333333333,1,404.1666666666667,34,2289.633333333333,58,39.476436781609195,0.8218710419426691,0.0016087000829827192,0.17652025797434817,3,0.6892015941178202,0.8218710419426691,0.17652025797434817,0.645350783968321,combat_shooter
76561199090843258,59.766666666666666,1,251.36666666666667,4,199.76666666666665,5,510.9,10,51.089999999999996,0.11698310171592614,0.4920075683434462,0.39100932994062765,3,1.3952918550951308,0.4920075683434462,0.39100932994062765,0.10099823840281857,combat_fighting
76561199095029886,851.0333333333334,15,0.016666666666666666,1,142.26666666666668,8,993.3166666666667,24,41.388194444444444,0.8567593415996914,1.6778805013506936e-05,0.14322387959529523,3,0.5929066143625158,0.8567593415996914,0.14322387959529523,0.7135354620043961,combat_shooter
76561199103668866,945.1500000000001,14,0.0,0,65.21666666666667,3,1010.3666666666668,17,59.43333333333334,0.9354524759988123,0.0,0.06454752400118768,2,0.34523842435980423,0.9354524759988123,0.06454752400118768,0.8709049519976246,combat_shooter
76561199112297278,111.74999999999999,15,48.63333333333333,6,51.96666666666667,17,212.35,38,5.588157894736842,0.5262538262302802,0.2290244093870183,0.24472176438270152,3,1.471381205993418,0.5262538262302802,0.24472176438270152,0.2815320618475786,combat_shooter
76561199118245984,95.48333333333333,10,115.76666666666668,3,9.766666666666666,3,221.01666666666665,16,13.813541666666666,0.43201870145539556,0.5237915692632532,0.04418972928135133,3,1.2106268898397268,0.5237915692632532,0.43201870145539556,0.09177286780785765,combat_fighting
76561199119074588,572.3666666666667,27,52.516666666666666,2,268.6333333333333,11,893.5166666666667,40,22.337916666666665,0.6405774934248568,0.058775251347671184,0.300647255227472,3,1.173196679090446,0.6405774934248568,0.300647255227472,0.3399302381973848,combat_shooter
76561199127966687,1382.3,14,0.0,0,70.93333333333334,6,1453.2333333333333,20,72.66166666666666,0.9511893020161938,0.0,0.048810697983806224,2,0.2813232450145312,0.9511893020161938,0.048810697983806224,0.9023786040323876,combat_shooter
76561199129589291,955.5166666666667,47,25.316666666666666,3,293.95,23,1274.7833333333333,73,17.462785388127852,0.7495522114869193,0.019859583981591645,0.230588204531489,3,0.912089761970561,0.7495522114869193,0.230588204531489,0.5189640069554303,combat_shooter
76561199130234193,4062.05,27,7.733333333333333,1,1805.1833333333334,33,5874.966666666667,61,96.31092896174864,0.691416688889015,0.0013163195252171643,0.30726699158576787,3,0.9037897441560915,0.691416688889015,0.30726699158576787,0.3841496973032471,combat_shooter
76561199132079866,71.28333333333333,5,100.69999999999999,5,822.45,7,994.4333333333334,17,58.49607843137255,0.07168236516609124,0.10126370127040524,0.8270539335635035,3,0.8336782174084525,0.8270539335635035,0.10126370127040524,0.7257902322930982,combat_action
76561199137606321,4396.083333333334,30,77.46666666666667,6,762.95,18,5236.5,54,96.97222222222223,0.8395079410547759,0.014793596231579617,0.14569846271364462,3,0.706694663147357,0.8395079410547759,0.14569846271364462,0.6938094783411313,combat_shooter
76561199149228225,1557.6833333333334,16,152.53333333333333,4,375.08333333333337,18,2085.3,38,54.876315789473686,0.7469828481913073,0.07314694927987979,0.1798702025288128,3,1.035531368905409,0.7469828481913073,0.1798702025288128,0.5671126456624945,combat_shooter
76561199183820667,145.56666666666666,12,0.0,0,149.53333333333333,12,295.1,24,12.295833333333334,0.4932791144244888,0.0,0.5067208855755111,2,0.9998696621308668,0.5067208855755111,0.4932791144244888,0.013441771151022297,combat_action
76561199185990766,1598.55,32,526.0333333333333,8,440.34999999999997,16,2564.933333333333,56,45.80238095238094,0.6232325726464626,0.2050865519571659,0.17168087539637159,3,1.3303550035102307,0.6232325726464626,0.2050865519571659,0.4181460206892967,combat_shooter
76561199186263893,688.35,13,5.966666666666667,1,79.9,9,774.2166666666667,23,33.66159420289855,0.8890922007190063,0.00770671431339203,0.10320108496760166,3,0.54301947610967,0.8890922007190063,0.10320108496760166,0.7858911157514046,combat_shooter
76561199189774256,165.73333333333335,7,8.866666666666667,2,73.76666666666667,5,248.36666666666667,14,17.74047619047619,0.6672929808079453,0.03569990605287881,0.29700711313917594,3,1.0812675763887876,0.6672929808079453,0.29700711313917594,0.37028586766876936,combat_shooter
76561199190946882,2452.35,18,0.0,0,32.28333333333333,4,2484.633333333333,22,112.93787878787879,0.9870068018084492,0.0,0.012993198191550731,2,0.10003958556738485,0.9870068018084492,0.012993198191550731,0.9740136036168985,combat_shooter
76561199200882691,132.93333333333334,23,1.8666666666666667,1,89.91666666666667,13,224.7166666666667,37,6.073423423423424,0.5915597418972038,0.008306756656530445,0.40013350144626564,3,1.0342170687194585,0.5915597418972038,0.40013350144626564,0.1914262404509382,combat_shooter
76561199202516265,342.6166666666666,11,1.0833333333333335,2,67.85,10,411.54999999999995,23,17.893478260869564,0.832503138541287,0.0026323249503907996,0.1648645365083222,3,0.6714861195120664,0.832503138541287,0.1648645365083222,0.6676386020329648,combat_shooter
76561199208519382,1907.1833333333334,48,16.78333333333333,6,182.6,24,2106.5666666666666,78,27.007264957264958,0.9053515198506259,0.007967150339414844,0.08668132980995934,3,0.4912408823922516,0.9053515198506259,0.08668132980995934,0.8186701900406665,combat_shooter
76561199218099483,12.866666666666667,1,0.0,0,9.566666666666666,1,22.433333333333334,2,11.216666666666667,0.5735512630014858,0.0,0.4264487369985141,2,0.9843338620079376,0.5735512630014858,0.4264487369985141,0.14710252600297175,combat_shooter
76561199229443002,351.75,16,0.0,0,558.3166666666667,8,910.0666666666667,24,37.919444444444444,0.38651014577686615,0.0,0.6134898542231338,2,0.9625104541532106,0.6134898542231338,0.38651014577686615,0.2269797084462677,combat_action
76561199241211928,696.5166666666667,16,25.0,3,0.31666666666666665,1,721.8333333333334,20,36.09166666666667,0.964927268529208,0.03463403371045948,0.0004386977603324867,3,0.22262757252623416,0.964927268529208,0.03463403371045948,0.9302932348187485,combat_shooter
76561199241372813,89.98333333333333,3,0.0,0,48.266666666666666,1,138.25,4,34.5625,0.6508740204942737,0.0,0.3491259795057263,2,0.9332850578483491,0.6508740204942737,0.3491259795057263,0.30174804098854735,combat_shooter
76561199243141822,138.01666666666668,1,182.63333333333333,3,6.733333333333333,1,327.3833333333333,5,65.47666666666666,0.4215751158173396,0.5578577610344652,0.020567123148195286,3,1.1103225433110397,0.5578577610344652,0.4215751158173396,0.13628264521712558,combat_fighting
76561199247350187,74.58333333333333,5,14.25,2,212.9,4,301.73333333333335,11,27.430303030303033,0.24718294299602295,0.047227132125497125,0.7055899248784798,3,1.06138766704853,0.7055899248784798,0.24718294299602295,0.4584069818824569,combat_action
76561199278279123,12.7,7,10.916666666666668,3,24.083333333333336,7,47.7,17,2.8058823529411767,0.2662473794549266,0.22886093640810623,0.5048916841369672,3,1.4930008870712228,0.5048916841369672,0.2662473794549266,0.23864430468204056,combat_action
76561199296804744,1794.4,27,0.0,0,0.0,0,1794.4,27,66.45925925925927,1.0,0.0,0.0,1,-0.0,1.0,0.0,1.0,combat_shooter
76561199362913608,176.01666666666665,3,0.0,0,28.733333333333334,10,204.75,13,15.75,0.8596662596662596,0.0,0.14033374033374033,2,0.5851121806058298,0.8596662596662596,0.14033374033374033,0.7193325193325193,combat_shooter
76561199365885214,418.45000000000005,20,1.6166666666666667,1,1.0833333333333333,1,421.15000000000003,22,19.14318181818182,0.9935889825477858,0.003838695634967747,0.002572321817246428,3,0.06215455579883224,0.9935889825477858,0.003838695634967747,0.9897502869128181,combat_shooter
76561199373012529,898.9833333333333,17,5.166666666666667,2,668.75,10,1572.9,29,54.23793103448276,0.5715451289550088,0.003284803017780321,0.42517006802721086,3,1.0129834201557593,0.5715451289550088,0.42517006802721086,0.1463750609277979,combat_shooter
76561199375671370,38.21666666666667,8,30.366666666666667,5,102.71666666666667,13,171.3,26,6.588461538461539,0.22309787896477914,0.1772718427709671,0.5996302782642537,3,1.3677442502194346,0.5996302782642537,0.22309787896477914,0.3765323992994746,combat_action
76561199377104400,252.23333333333332,10,42.516666666666666,2,651.2166666666667,15,945.9666666666667,27,35.0358024691358,0.2666408259628598,0.044945205962155114,0.688413968074985,3,1.080468294686881,0.688413968074985,0.2666408259628598,0.4217731421121252,combat_action
76561199378979916,40.31666666666666,6,0.0,0,0.9166666666666666,1,41.23333333333333,7,5.89047619047619,0.9777687954729184,0.0,0.02223120452708165,2,0.1537912159297671,0.9777687954729184,0.02223120452708165,0.9555375909458368,combat_shooter
76561199379291170,526.1666666666666,14,80.86666666666666,1,0.0,0,607.0333333333333,15,40.468888888888884,0.8667838119817692,0.13321618801823074,0.0,2,0.5661930770049417,0.8667838119817692,0.13321618801823074,0.7335676239635385,combat_shooter
76561199386513701,49.483333333333334,5,0.0,0,618.2333333333333,17,667.7166666666667,22,30.350757575757576,0.07410827945985074,0.0,0.9258917205401492,2,0.3810712129085509,0.9258917205401492,0.07410827945985074,0.8517834410802985,combat_action
76561199387354949,34.81666666666666,6,103.26666666666667,5,1450.2166666666667,7,1588.3,18,88.23888888888888,0.021920711872232365,0.06501710424143214,0.9130621838863355,3,0.4969896262124674,0.9130621838863355,0.06501710424143214,0.8480450796449034,combat_action
76561199404118052,453.26666666666665,7,6.450000000000001,3,225.53333333333333,13,685.25,23,29.793478260869566,0.6614617536179009,0.009412623130244439,0.32912562325185457,3,0.9854519018415393,0.6614617536179009,0.32912562325185457,0.33233613036604637,combat_shooter
76561199404580646,120.86666666666666,15,27.333333333333336,9,122.65,14,270.85,38,7.127631578947369,0.4462494615715955,0.10091686665435973,0.45283367177404465,3,1.3709436238307575,0.45283367177404465,0.4462494615715955,0.006584210202449148,combat_action
76561199407033309,2254.4,70,582.6333333333333,30,387.48333333333335,45,3224.5166666666664,145,22.23804597701149,0.6991435408924336,0.18068857865003024,0.12016788045753629,3,1.1743495681221352,0.6991435408924336,0.18068857865003024,0.5184549622424033,combat_shooter
76561199437584070,166.36666666666665,17,0.0,0,93.6,8,259.96666666666664,25,10.398666666666665,0.6399538402359277,0.0,0.36004615976407234,2,0.9427214986507388,0.6399538402359277,0.36004615976407234,0.2799076804718554,combat_shooter
76561199442723717,15.450000000000001,2,4.283333333333333,1,29.116666666666664,3,48.849999999999994,6,8.141666666666666,0.316274309109519,0.08768338451040601,0.596042306380075,3,1.2781114747624611,0.596042306380075,0.316274309109519,0.27976799727055607,combat_action
76561199467345363,404.26666666666665,46,95.78333333333333,12,366.51666666666665,37,866.5666666666666,95,9.12175438596491,0.466515367157749,0.11053198445974537,0.4229526483825057,3,1.3894468815856695,0.466515367157749,0.4229526483825057,0.043562718775243314,combat_shooter
76561199471848888,1673.2,10,51.86666666666667,5,0.016666666666666666,1,1725.0833333333333,16,107.81770833333333,0.9699241582532245,0.03006618037775953,9.661369015989565e-06,3,0.19489810552303585,0.9699241582532245,0.03006618037775953,0.939857977875465,combat_shooter
76561199479872927,198.03333333333333,6,36.583333333333336,4,68.2,6,302.81666666666666,16,18.926041666666666,0.6539710495899609,0.12081017117067533,0.22521877923936376,3,1.2534173558269412,0.6539710495899609,0.22521877923936376,0.42875227035059715,combat_shooter
76561199495383172,201.95,9,24.85,1,66.5,4,293.29999999999995,14,20.949999999999996,0.6885441527446301,0.08472553699284012,0.22673031026252988,3,1.157828768357877,0.6885441527446301,0.22673031026252988,0.4618138424821002,combat_shooter
76561199496950080,500.7166666666667,30,1.5333333333333334,1,101.95,12,604.2,43,14.051162790697676,0.8287266909411894,0.0025377910184265695,0.16873551804038397,3,0.6796643956174754,0.8287266909411894,0.16873551804038397,0.6599911729008054,combat_shooter
76561199500580493,2.3666666666666667,1,0.0,0,20.85,6,23.21666666666667,7,3.316666666666667,0.10193826274228283,0.0,0.8980617372577171,2,0.47510980121496055,0.8980617372577171,0.10193826274228283,0.7961234745154343,combat_action
76561199508593287,1063.4833333333333,20,13.7,2,345.25,11,1422.4333333333334,33,43.104040404040404,0.7476507393433787,0.009631382841609448,0.24271787781501183,3,0.8739855658308672,0.7476507393433787,0.24271787781501183,0.5049328615283668,combat_shooter
76561199518971381,0.6,9,0.15,1,20.85,11,21.6,21,1.0285714285714287,0.027777777777777776,0.006944444444444444,0.9652777777777778,3,0.24261382707726004,0.9652777777777778,0.027777777777777776,0.9375,combat_action
76561199520350248,2306.7166666666667,16,0.0,0,556.65,12,2863.366666666667,28,102.26309523809525,0.8055959767639492,0.0,0.1944040232360508,2,0.7105939575474866,0.8055959767639492,0.1944040232360508,0.6111919535278985,combat_shooter
76561199520717226,148.55,14,46.61666666666667,3,149.48333333333335,9,344.65000000000003,26,13.255769230769232,0.43101697374147685,0.1352579911988007,0.43372503505972243,3,1.436419789943192,0.43372503505972243,0.43101697374147685,0.0027080613182455804,combat_action
76561199528241120,88.85,13,542.4333333333334,17,152.15,17,783.4333333333334,47,16.668794326241137,0.11341105390801173,0.6923796962089946,0.19420924988299365,3,1.1825381169921818,0.6923796962089946,0.19420924988299365,0.498170446326001,combat_fighting
76561199529390415,277.34999999999997,9,51.11666666666667,5,122.93333333333334,10,451.4,24,18.808333333333334,0.6144217988480283,0.11324028946979767,0.27233791168217397,3,1.2986659527078714,0.6144217988480283,0.27233791168217397,0.3420838871658543,combat_shooter
76561199546708875,226.1,5,0.0,0,3.7333333333333334,1,229.83333333333331,6,38.30555555555555,0.9837563451776651,0.0,0.016243654822335026,2,0.11979522713844551,0.9837563451776651,0.016243654822335026,0.96751269035533,combat_shooter
76561199547030407,511.83333333333337,37,35.7,2,226.48333333333332,26,774.0166666666668,65,11.90794871794872,0.6612691371848151,0.04612303783294933,0.2926078249822355,3,1.1180659686131702,0.6612691371848151,0.2926078249822355,0.3686613122025796,combat_shooter
76561199552924653,260.51666666666665,24,1.1,1,213.38333333333333,8,475.0,33,14.393939393939394,0.5484561403508772,0.0023157894736842107,0.4492280701754386,3,1.0141635780911278,0.5484561403508772,0.4492280701754386,0.09922807017543861,combat_shooter
76561199554677557,1067.6333333333334,40,0.0,0,119.7,11,1187.3333333333335,51,23.28104575163399,0.8991858506457047,0.0,0.10081414935429533,2,0.47157108610768417,0.8991858506457047,0.10081414935429533,0.7983717012914093,combat_shooter
76561199556464953,615.8000000000001,10,17.983333333333334,5,109.48333333333335,4,743.2666666666668,19,39.11929824561404,0.828504798636649,0.024194995066822135,0.14730020629652885,3,0.7617929594164733,0.828504798636649,0.14730020629652885,0.6812045923401202,combat_shooter
76561199576303315,2.1333333333333333,2,0.0,0,17.25,2,19.383333333333333,4,4.845833333333333,0.11006018916595013,0.0,0.8899398108340499,2,0.500097480166063,0.8899398108340499,0.11006018916595013,0.7798796216680998,combat_action
76561199582998630,392.75,25,65.73333333333333,9,57.08333333333333,21,515.5666666666667,55,9.373939393939395,0.761783151225189,0.12749725221439193,0.11071959656041894,3,1.0294261252198957,0.761783151225189,0.12749725221439193,0.6342858990107971,combat_shooter
76561199588540862,23.916666666666668,8,0.0,0,56.63333333333333,10,80.55,18,4.475,0.2969170287606042,0.0,0.7030829712393959,2,0.8774895856360927,0.7030829712393959,0.2969170287606042,0.4061659424787917,combat_action
76561199599816543,1265.8166666666664,11,0.0,0,41.06666666666667,2,1306.883333333333,13,100.52948717948715,0.968576639077704,0.0,0.031423360922296056,2,0.20148047351324555,0.968576639077704,0.031423360922296056,0.9371532781554079,combat_shooter
76561199614963063,191.38333333333333,7,23.533333333333335,1,161.68333333333334,10,376.6,18,20.922222222222224,0.5081872897858027,0.062488936094884054,0.42932377411931316,3,1.269966819911276,0.5081872897858027,0.42932377411931316,0.07886351566648958,combat_shooter
76561199623707095,23.383333333333333,24,4.1,2,107.89999999999999,14,135.38333333333333,40,3.384583333333333,0.17271943863104766,0.030284377692970578,0.7969961836759818,3,0.851278435786804,0.7969961836759818,0.17271943863104766,0.6242767450449341,combat_action
76561199634781575,89.35,4,1.8666666666666667,1,5.433333333333333,3,96.64999999999999,8,12.081249999999999,0.9244697361614072,0.019313674771512333,0.056216589067080526,3,0.4481804860644264,0.9244697361614072,0.056216589067080526,0.8682531470943267,combat_shooter
76561199641760688,320.5,8,1.5833333333333333,1,1.65,4,323.7333333333333,13,24.9025641025641,0.990012355848435,0.004890856672158155,0.00509678747940692,3,0.09069579453772872,0.990012355848435,0.00509678747940692,0.9849155683690282,combat_shooter
76561199658816261,1045.8833333333332,9,0.0,0,61.88333333333333,2,1107.7666666666667,11,100.7060606060606,0.944136851924292,0.0,0.05586314807570788,2,0.3107994036547997,0.944136851924292,0.05586314807570788,0.8882737038485841,combat_shooter
76561199668649371,14.383333333333333,2,0.0,0,6.050000000000001,3,20.433333333333334,5,4.086666666666667,0.7039151712887438,0.0,0.29608482871125613,2,0.8764522380513886,0.7039151712887438,0.29608482871125613,0.4078303425774877,combat_shooter
76561199700302930,34.11666666666667,5,2.833333333333333,2,80.51666666666667,5,117.46666666666667,12,9.78888888888889,0.29043700340522133,0.02412031782065834,0.6854426787741204,3,1.0211586989438677,0.6854426787741204,0.29043700340522133,0.395005675368899,combat_action
76561199700704584,27.333333333333332,2,0.0,0,71.55,2,98.88333333333333,4,24.72083333333333,0.27642002359683127,0.0,0.7235799764031687,2,0.8505268635138531,0.7235799764031687,0.27642002359683127,0.44715995280633747,combat_action
76561199731916506,1162.6166666666668,12,0.4,1,26.166666666666664,5,1189.1833333333336,18,66.06574074074075,0.9776597384759848,0.0003363652927078807,0.02200389623130719,3,0.15690392523956062,0.9776597384759848,0.02200389623130719,0.9556558422446776,combat_shooter
76561199752564934,152.11666666666665,2,0.0,0,15.966666666666665,2,168.08333333333331,4,42.02083333333333,0.9050074367873079,0.0,0.09499256321269212,2,0.45291836389795825,0.9050074367873079,0.09499256321269212,0.8100148735746158,combat_shooter
76561199752899195,395.83333333333337,4,0.0,0,1.5,1,397.33333333333337,5,79.46666666666667,0.9962248322147651,0.0,0.003775167785234899,2,0.03582336714255038,0.9962248322147651,0.003775167785234899,0.9924496644295302,combat_shooter
76561199761625258,0.0,0,4.75,2,3.5833333333333335,3,8.333333333333334,5,1.6666666666666667,0.0,0.57,0.43,2,0.9858150371789198,0.57,0.43,0.13999999999999996,combat_fighting
76561199761815865,96.48333333333333,12,16.75,4,18.183333333333334,7,131.41666666666666,23,5.713768115942028,0.7341788205453393,0.1274571972098922,0.13836398224476856,3,1.1009024502359375,0.7341788205453393,0.13836398224476856,0.5958148383005708,combat_shooter
76561199772628178,1424.3333333333333,5,1.3833333333333333,1,0.0,0,1425.7166666666667,6,237.61944444444444,0.9990297277392656,0.0009702722607343675,0.0,2,0.011110895876937525,0.9990297277392656,0.0009702722607343675,0.9980594554785313,combat_shooter
76561199779951007,1680.7166666666667,28,283.6666666666667,5,672.2666666666667,21,2636.65,54,48.826851851851856,0.6374439787862123,0.10758601508226981,0.2549700061315179,3,1.2628451393367162,0.6374439787862123,0.2549700061315179,0.3824739726546944,combat_shooter
76561199784819245,3.9,5,1.1833333333333333,1,17.166666666666668,1,22.25,7,3.1785714285714284,0.1752808988764045,0.05318352059925094,0.7715355805243447,3,0.954175434365143,0.7715355805243447,0.1752808988764045,0.5962546816479402,combat_action
76561199790173584,16.5,5,0.0,0,1.4833333333333334,2,17.983333333333334,7,2.5690476190476192,0.917516218721038,0.0,0.082483781278962,2,0.4108710464543639,0.917516218721038,0.082483781278962,0.8350324374420759,combat_shooter
76561199790956354,10.883333333333335,3,6.383333333333334,1,24.23333333333333,6,41.5,10,4.15,0.26224899598393575,0.15381526104417673,0.5839357429718874,3,1.375017132246139,0.5839357429718874,0.26224899598393575,0.3216867469879517,combat_action
76561199793639791,622.6166666666667,11,0.0,0,29.25,6,651.8666666666667,17,38.345098039215685,0.9551288607077112,0.0,0.04487113929228881,2,0.26419680089847786,0.9551288607077112,0.04487113929228881,0.9102577214154224,combat_shooter
76561199797501568,1404.9833333333333,11,0.0,0,29.1,1,1434.0833333333333,12,119.50694444444444,0.9797082921727004,0.0,0.020291707827299672,2,0.14307528042626697,0.9797082921727004,0.020291707827299672,0.9594165843454007,combat_shooter
76561199814229495,0.3333333333333333,1,0.0,0,55.45,4,55.78333333333334,5,11.156666666666668,0.005975500448162533,0.0,0.9940244995518375,2,0.052734393533842794,0.9940244995518375,0.005975500448162533,0.9880489991036749,combat_action
76561199820702836,245.71666666666667,8,4.8,2,43.166666666666664,8,293.68333333333334,18,16.31574074074074,0.8366721525452585,0.01634413483911242,0.14698371261562906,3,0.7188477264142556,0.8366721525452585,0.14698371261562906,0.6896884399296295,combat_shooter
76561199821666213,361.1333333333333,11,0.11666666666666667,1,5.9,1,367.15,13,28.24230769230769,0.9836125107812429,0.00031776294884016526,0.01606972626991693,3,0.12290740224782719,0.9836125107812429,0.01606972626991693,0.967542784511326,combat_shooter
76561199823240584,14.799999999999999,2,0.0,0,0.4,1,15.2,3,5.066666666666666,0.9736842105263158,0.0,0.026315789473684213,2,0.17556502585750278,0.9736842105263158,0.026315789473684213,0.9473684210526316,combat_shooter
76561199823480966,168.53333333333336,2,0.0,0,183.1,3,351.6333333333333,5,70.32666666666667,0.47928713622144287,0.0,0.5207128637785572,2,0.9987617477809835,0.5207128637785572,0.47928713622144287,0.04142572755711432,combat_action
76561199825432400,6.683333333333334,2,0.0,0,42.88333333333333,7,49.56666666666666,9,5.507407407407407,0.1348352387357095,0.0,0.8651647612642905,2,0.5705512748602565,0.8651647612642905,0.1348352387357095,0.7303295225285811,combat_action
76561199825489062,26.916666666666668,7,0.0,0,7.416666666666666,2,34.333333333333336,9,3.814814814814815,0.7839805825242718,0.0,0.21601941747572811,2,0.7528321778576185,0.7839805825242718,0.21601941747572811,0.5679611650485437,combat_shooter
76561199829157304,32.016666666666666,1,0.0,0,45.75,5,77.76666666666667,6,12.96111111111111,0.41170167166738103,0.0,0.588298328332619,2,0.9773853699789361,0.588298328332619,0.41170167166738103,0.17659665666523794,combat_action
76561199841741820,87.91666666666667,6,0.0,0,44.53333333333333,8,132.45,14,9.460714285714285,0.6637724927645653,0.0,0.33622750723543476,2,0.9211628572293535,0.6637724927645653,0.33622750723543476,0.32754498552913053,combat_shooter
76561199842536358,130.18333333333334,8,0.0,0,1.7333333333333334,1,131.91666666666666,9,14.657407407407407,0.9868603916614025,0.0,0.0131396083385976,2,0.10095304236783496,0.9868603916614025,0.0131396083385976,0.9737207833228049,combat_shooter
76561199843251769,416.73333333333335,21,28.5,2,92.76666666666668,6,538.0,29,18.551724137931036,0.7745972738537794,0.05297397769516728,0.1724287484510533,3,0.9472257855066732,0.7745972738537794,0.1724287484510533,0.6021685254027261,combat_shooter
76561199843879700,21.866666666666667,7,0.13333333333333333,1,16.35,1,38.35,9,4.261111111111111,0.570186875271621,0.0034767492394611036,0.4263363754889179,3,1.0148972981762847,0.570186875271621,0.4263363754889179,0.14385049978270315,combat_shooter
76561199848161678,382.6166666666667,13,0.0,0,9.55,3,392.1666666666667,16,24.510416666666668,0.97564810879728,0.0,0.02435189120271993,2,0.1652228790726258,0.97564810879728,0.02435189120271993,0.9512962175945601,combat_shooter
76561199850854007,92.81666666666668,6,37.8,1,20.333333333333332,5,150.95000000000002,12,12.579166666666667,0.614883515512863,0.2504140443855581,0.13470244010157886,3,1.3212216771221241,0.614883515512863,0.2504140443855581,0.36446947112730493,combat_shooter
76561199861637002,69.25,4,0.9166666666666666,1,117.5,8,187.66666666666669,13,14.435897435897438,0.3690053285968028,0.004884547069271758,0.6261101243339253,3,0.9911814555239924,0.6261101243339253,0.3690053285968028,0.2571047957371225,combat_action
76561199863834687,136.23333333333332,13,6.666666666666667,2,279.3833333333333,12,422.2833333333333,27,15.640123456790123,0.32261120101038004,0.015787188696372894,0.661601610293247,3,1.0153234921791119,0.661601610293247,0.32261120101038004,0.338990409282867,combat_action
76561199864592327,233.68333333333334,9,0.0,0,11.416666666666666,4,245.1,13,18.853846153846153,0.953420372637019,0.0,0.046579627362981095,2,0.2716858234982742,0.953420372637019,0.046579627362981095,0.9068407452740379,combat_shooter
76561199866204492,326.01666666666665,8,5.183333333333334,4,230.65,7,561.85,19,29.571052631578947,0.5802557028862982,0.00922547536412447,0.41051882174957727,3,1.0453083834817498,0.5802557028862982,0.41051882174957727,0.16973688113672097,combat_shooter
76561199881145326,600.1166666666667,27,27.233333333333334,2,92.15,9,719.5,38,18.93421052631579,0.834074588834839,0.037850359045633546,0.12807505211952747,3,0.7768431339022712,0.834074588834839,0.12807505211952747,0.7059995367153116,combat_shooter
76561199884201587,0.0,0,0.0,0,6.9,3,6.9,3,2.3000000000000003,0.0,0.0,1.0,1,-0.0,1.0,0.0,1.0,combat_action
76561199887336948,30.599999999999998,4,0.0,0,0.0,0,30.599999999999998,4,7.6499999999999995,1.0,0.0,0.0,1,-0.0,1.0,0.0,1.0,combat_shooter
